Date,Price,Commodity
2/01/2018,163.8448935,price_wheat
3/01/2018,162.98719,price_wheat
4/01/2018,162.1694549,price_wheat
5/01/2018,161.5138593,price_wheat
8/01/2018,161.1199155,price_wheat
9/01/2018,162.2411046,price_wheat
10/01/2018,164.4168467,price_wheat
11/01/2018,162.5470177,price_wheat
12/01/2018,164.0667025,price_wheat
15/01/2018,163.3636851,price_wheat
16/01/2018,163.0319149,price_wheat
17/01/2018,163.7333333,price_wheat
18/01/2018,163.5588705,price_wheat
19/01/2018,163.0060863,price_wheat
22/01/2018,162.7638349,price_wheat
23/01/2018,163.7639719,price_wheat
24/01/2018,163.6828645,price_wheat
25/01/2018,165.9815005,price_wheat
26/01/2018,168.4643041,price_wheat
29/01/2018,169.4045175,price_wheat
30/01/2018,171.4870745,price_wheat
31/01/2018,172.3785166,price_wheat
1/02/2018,176.3485477,price_wheat
2/02/2018,175.3029131,price_wheat
5/02/2018,173.8906089,price_wheat
6/02/2018,174.717369,price_wheat
7/02/2018,173.5136514,price_wheat
8/02/2018,171.1122295,price_wheat
9/02/2018,174.5472837,price_wheat
14/02/2018,175.7575758,price_wheat
15/02/2018,177.9141104,price_wheat
16/02/2018,177.0091556,price_wheat
19/02/2018,175.2525253,price_wheat
20/02/2018,177.2151899,price_wheat
21/02/2018,176.5447667,price_wheat
22/02/2018,176.3224181,price_wheat
23/02/2018,176.056338,price_wheat
26/02/2018,175.6218905,price_wheat
27/02/2018,177.6119403,price_wheat
28/02/2018,182.4087956,price_wheat
1/03/2018,182.5345369,price_wheat
2/03/2018,183.4407536,price_wheat
5/03/2018,185.9771258,price_wheat
6/03/2018,185.2766798,price_wheat
7/03/2018,185.6228459,price_wheat
8/03/2018,186.0809477,price_wheat
9/03/2018,187.0967742,price_wheat
12/03/2018,187.5621891,price_wheat
13/03/2018,186.8787276,price_wheat
14/03/2018,188.7729757,price_wheat
15/03/2018,187.7006668,price_wheat
16/03/2018,191.5422886,price_wheat
19/03/2018,193.5323383,price_wheat
20/03/2018,194.6441855,price_wheat
21/03/2018,194.8438275,price_wheat
22/03/2018,198.2608696,price_wheat
23/03/2018,199.1040319,price_wheat
26/03/2018,195.6197113,price_wheat
27/03/2018,196.8307754,price_wheat
28/03/2018,196.7679186,price_wheat
3/04/2018,196.7131474,price_wheat
4/04/2018,197.2111554,price_wheat
5/04/2018,199.0049751,price_wheat
6/04/2018,201.6932271,price_wheat
9/04/2018,203.5838726,price_wheat
10/04/2018,204.3868395,price_wheat
11/04/2018,206.2985848,price_wheat
12/04/2018,213.8239682,price_wheat
13/04/2018,217.445328,price_wheat
16/04/2018,220.1789264,price_wheat
17/04/2018,220.6175299,price_wheat
18/04/2018,224.1078113,price_wheat
19/04/2018,225.3240279,price_wheat
20/04/2018,221.5032354,price_wheat
23/04/2018,227.1825397,price_wheat
24/04/2018,232.8869048,price_wheat
25/04/2018,232.9793569,price_wheat
26/04/2018,231.5403423,price_wheat
27/04/2018,234.8336595,price_wheat
2/05/2018,236.492891,price_wheat
3/05/2018,228.3842795,price_wheat
4/05/2018,241.0138249,price_wheat
7/05/2018,252.9734675,price_wheat
8/05/2018,255.3811659,price_wheat
9/05/2018,251.7683466,price_wheat
10/05/2018,252.3240372,price_wheat
11/05/2018,252.5906736,price_wheat
14/05/2018,249.0960225,price_wheat
15/05/2018,258.0375783,price_wheat
16/05/2018,252.9971062,price_wheat
17/05/2018,252.6837325,price_wheat
18/05/2018,250.7192766,price_wheat
21/05/2018,249.4956565,price_wheat
22/05/2018,253.9288668,price_wheat
23/05/2018,249.8461538,price_wheat
24/05/2018,246.7346939,price_wheat
28/05/2018,244.6160098,price_wheat
29/05/2018,243.7348424,price_wheat
30/05/2018,245.6705598,price_wheat
31/05/2018,243.3628319,price_wheat
1/06/2018,243.2160804,price_wheat
4/06/2018,239.2440692,price_wheat
5/06/2018,240.5470636,price_wheat
6/06/2018,239.1129032,price_wheat
7/06/2018,236.2869198,price_wheat
8/06/2018,234.0341134,price_wheat
11/06/2018,232.046332,price_wheat
12/06/2018,230.0194932,price_wheat
13/06/2018,227.4131274,price_wheat
14/06/2018,217.3913043,price_wheat
15/06/2018,219.4690265,price_wheat
18/06/2018,218.3406114,price_wheat
19/06/2018,216.9197397,price_wheat
21/06/2018,216.0583942,price_wheat
22/06/2018,219.9925678,price_wheat
25/06/2018,219.3404965,price_wheat
26/06/2018,219.2592593,price_wheat
27/06/2018,215.8010241,price_wheat
28/06/2018,212.5,price_wheat
29/06/2018,210.4347826,price_wheat
2/07/2018,212.4113475,price_wheat
3/07/2018,213.7184116,price_wheat
4/07/2018,209.1526636,price_wheat
5/07/2018,211.0912343,price_wheat
6/07/2018,209.352518,price_wheat
10/07/2018,212.6879355,price_wheat
11/07/2018,212.532063,price_wheat
12/07/2018,210.8367121,price_wheat
13/07/2018,210.2545186,price_wheat
16/07/2018,207.2633896,price_wheat
17/07/2018,206.1930783,price_wheat
18/07/2018,205.8331515,price_wheat
19/07/2018,203.9119274,price_wheat
20/07/2018,206.6957787,price_wheat
23/07/2018,205.3052326,price_wheat
24/07/2018,211.8334551,price_wheat
25/07/2018,210.6998901,price_wheat
26/07/2018,212.3764189,price_wheat
27/07/2018,212.3048669,price_wheat
30/07/2018,213.5886577,price_wheat
31/07/2018,212.1933358,price_wheat
1/08/2018,216.9553327,price_wheat
2/08/2018,217.5502742,price_wheat
3/08/2018,221.7727106,price_wheat
6/08/2018,220.3452075,price_wheat
7/08/2018,219.8204799,price_wheat
8/08/2018,219.2377495,price_wheat
9/08/2018,217.7793645,price_wheat
10/08/2018,219.5540309,price_wheat
13/08/2018,216.2615256,price_wheat
14/08/2018,218.5699763,price_wheat
15/08/2018,217.3913043,price_wheat
16/08/2018,218.8971083,price_wheat
17/08/2018,218.8235294,price_wheat
21/08/2018,217.3913043,price_wheat
22/08/2018,215.5887231,price_wheat
23/08/2018,215.5314248,price_wheat
24/08/2018,212.6623377,price_wheat
27/08/2018,213.7998056,price_wheat
28/08/2018,214.4,price_wheat
29/08/2018,206.7846608,price_wheat
30/08/2018,213.3333333,price_wheat
31/08/2018,192.3601637,price_wheat
3/09/2018,NA,price_wheat
4/09/2018,199.0692865,price_wheat
5/09/2018,209.4240838,price_wheat
6/09/2018,NA,price_wheat
7/09/2018,201.1416146,price_wheat
10/09/2018,198.2248521,price_wheat
11/09/2018,206.6717893,price_wheat
12/09/2018,206.8331143,price_wheat
13/09/2018,201.270648,price_wheat
14/09/2018,200.9581442,price_wheat
17/09/2018,202.8985507,price_wheat
18/09/2018,202.6257874,price_wheat
19/09/2018,207.6390669,price_wheat
20/09/2018,NA,price_wheat
21/09/2018,NA,price_wheat
24/09/2018,215.6334232,price_wheat
25/09/2018,218.9973615,price_wheat
26/09/2018,217.4367006,price_wheat
27/09/2018,212.6582278,price_wheat
28/09/2018,209.500609,price_wheat
1/10/2018,219.5431472,price_wheat
2/10/2018,218.9973615,price_wheat
3/10/2018,220.0586823,price_wheat
4/10/2018,220.4724409,price_wheat
5/10/2018,223.1668438,price_wheat
8/10/2018,NA,price_wheat
9/10/2018,228.8732394,price_wheat
10/10/2018,228.0701754,price_wheat
11/10/2018,233.7091009,price_wheat
16/10/2018,238.547486,price_wheat
17/10/2018,240.1334074,price_wheat
18/10/2018,NA,price_wheat
19/10/2018,NA,price_wheat
22/10/2018,NA,price_wheat
23/10/2018,186.8645232,price_wheat
24/10/2018,183.423913,price_wheat
25/10/2018,181.7436458,price_wheat
26/10/2018,180.1310044,price_wheat
29/10/2018,179.8365123,price_wheat
30/10/2018,179.6768009,price_wheat
31/10/2018,176.7832168,price_wheat
1/11/2018,180.0112771,price_wheat
2/11/2018,179.9376594,price_wheat
5/11/2018,174.8942172,price_wheat
6/11/2018,174.8942172,price_wheat
7/11/2018,174.7956019,price_wheat
8/11/2018,175.6373938,price_wheat
9/11/2018,175.2840909,price_wheat
12/11/2018,175.2402487,price_wheat
13/11/2018,175.7322176,price_wheat
14/11/2018,176.4705882,price_wheat
15/11/2018,177.9637378,price_wheat
16/11/2018,179.1211867,price_wheat
20/11/2018,170.6503613,price_wheat
21/11/2018,172.5142144,price_wheat
22/11/2018,173.2782369,price_wheat
23/11/2018,176.4705882,price_wheat
26/11/2018,180.1801802,price_wheat
27/11/2018,183.3116037,price_wheat
28/11/2018,182.9587036,price_wheat
29/11/2018,180.4371002,price_wheat
30/11/2018,175.9061834,price_wheat
3/12/2018,175.2066116,price_wheat
4/12/2018,177.016129,price_wheat
5/12/2018,184.4295302,price_wheat
6/12/2018,188,price_wheat
7/12/2018,193.0107527,price_wheat
10/12/2018,199.6796583,price_wheat
11/12/2018,198.617389,price_wheat
12/12/2018,200.0534902,price_wheat
13/12/2018,204.3582248,price_wheat
14/12/2018,204.1085067,price_wheat
17/12/2018,212.8218602,price_wheat
18/12/2018,203.6258539,price_wheat
19/12/2018,203.0390359,price_wheat
20/12/2018,203.4346103,price_wheat
21/12/2018,204.8974189,price_wheat
26/12/2018,204.1666667,price_wheat
27/12/2018,204.9868766,price_wheat
28/12/2018,206,price_wheat
2/01/2019,204.2723632,price_wheat
3/01/2019,206.9798658,price_wheat
4/01/2019,205.0040355,price_wheat
7/01/2019,204.0156313,price_wheat
8/01/2019,200.5347594,price_wheat
9/01/2019,202.0446597,price_wheat
10/01/2019,197.9392625,price_wheat
11/01/2019,200.2724796,price_wheat
14/01/2019,199.7282609,price_wheat
15/01/2019,201.3550136,price_wheat
16/01/2019,201.8766756,price_wheat
17/01/2019,203.9456145,price_wheat
18/01/2019,205.7249866,price_wheat
21/01/2019,206.1333333,price_wheat
22/01/2019,206.5362979,price_wheat
23/01/2019,207.0396146,price_wheat
24/01/2019,209.9462366,price_wheat
25/01/2019,210.0190062,price_wheat
28/01/2019,210.2841678,price_wheat
29/01/2019,210.6666667,price_wheat
30/01/2019,212.0075047,price_wheat
31/01/2019,210.4979812,price_wheat
1/02/2019,210.0351636,price_wheat
4/02/2019,210.5974588,price_wheat
5/02/2019,210.2702703,price_wheat
6/02/2019,208.4673098,price_wheat
7/02/2019,206.0074428,price_wheat
8/02/2019,205.0464807,price_wheat
11/02/2019,200.0795545,price_wheat
12/02/2019,200.0529241,price_wheat
13/02/2019,198.053656,price_wheat
14/02/2019,195.6864808,price_wheat
15/02/2019,194.9505466,price_wheat
18/02/2019,186.5284974,price_wheat
19/02/2019,187.6119785,price_wheat
20/02/2019,184.9505954,price_wheat
21/02/2019,NA,price_wheat
22/02/2019,185.0333162,price_wheat
25/02/2019,188.9366522,price_wheat
26/02/2019,187.4838376,price_wheat
27/02/2019,185.9140342,price_wheat
28/02/2019,180.2310655,price_wheat
1/03/2019,177.2279727,price_wheat
6/03/2019,180.0246609,price_wheat
7/03/2019,175.4137116,price_wheat
8/03/2019,175,price_wheat
11/03/2019,174.9391727,price_wheat
12/03/2019,173.1234867,price_wheat
13/03/2019,176.8292683,price_wheat
14/03/2019,176.2386,price_wheat
15/03/2019,175.879397,price_wheat
18/03/2019,175,price_wheat
19/03/2019,174.9379653,price_wheat
20/03/2019,169.9876999,price_wheat
21/03/2019,171.3586291,price_wheat
22/03/2019,170.0721154,price_wheat
25/03/2019,169.5319962,price_wheat
26/03/2019,170.1225259,price_wheat
27/03/2019,171.7426151,price_wheat
28/03/2019,176.1455215,price_wheat
29/03/2019,174.9710313,price_wheat
1/04/2019,174.0766878,price_wheat
3/04/2019,174.5957347,price_wheat
4/04/2019,175.8852118,price_wheat
5/04/2019,174.9371141,price_wheat
8/04/2019,177.0114943,price_wheat
9/04/2019,176.1297798,price_wheat
10/04/2019,186.1714553,price_wheat
11/04/2019,181.9036428,price_wheat
12/04/2019,183.1824678,price_wheat
15/04/2019,178.8990826,price_wheat
16/04/2019,181.3225883,price_wheat
17/04/2019,185.8513189,price_wheat
22/04/2019,184.9574267,price_wheat
23/04/2019,189.4549763,price_wheat
24/04/2019,186.9714286,price_wheat
25/04/2019,186.3534676,price_wheat
26/04/2019,185.7111645,price_wheat
29/04/2019,185.0424929,price_wheat
30/04/2019,188.850967,price_wheat
2/05/2019,189.9103139,price_wheat
3/05/2019,188.7432188,price_wheat
6/05/2019,186.0517435,price_wheat
7/05/2019,185.9073787,price_wheat
8/05/2019,184.4097996,price_wheat
9/05/2019,187.5693674,price_wheat
10/05/2019,NA,price_wheat
13/05/2019,189.9777283,price_wheat
14/05/2019,191.6461916,price_wheat
15/05/2019,186.3839286,price_wheat
16/05/2019,185.0190626,price_wheat
17/05/2019,185.0446429,price_wheat
20/05/2019,186.930429,price_wheat
21/05/2019,186.8970159,price_wheat
22/05/2019,189.9328859,price_wheat
23/05/2019,194.9209178,price_wheat
24/05/2019,194.9798297,price_wheat
27/05/2019,198.2082867,price_wheat
28/05/2019,200,price_wheat
29/05/2019,200,price_wheat
30/05/2019,200,price_wheat
31/05/2019,204.7800718,price_wheat
3/06/2019,204.947392,price_wheat
4/06/2019,203.3250955,price_wheat
5/06/2019,200,price_wheat
6/06/2019,204.7842611,price_wheat
7/06/2019,204.031355,price_wheat
10/06/2019,204.9217002,price_wheat
11/06/2019,204.9438202,price_wheat
12/06/2019,204.7389004,price_wheat
13/06/2019,204.7718323,price_wheat
14/06/2019,204.021019,price_wheat
18/06/2019,204.9445471,price_wheat
19/06/2019,209.9767981,price_wheat
21/06/2019,NA,price_wheat
24/06/2019,209.9905303,price_wheat
25/06/2019,209.8150782,price_wheat
26/06/2019,211.6153304,price_wheat
27/06/2019,214.1176471,price_wheat
28/06/2019,210.5860919,price_wheat
1/07/2019,203.9364477,price_wheat
2/07/2019,210,price_wheat
3/07/2019,209.5386087,price_wheat
4/07/2019,205.0912584,price_wheat
5/07/2019,204.9939976,price_wheat
10/07/2019,207.8327727,price_wheat
11/07/2019,204.8192771,price_wheat
12/07/2019,208.9371981,price_wheat
15/07/2019,210,price_wheat
16/07/2019,209.8445596,price_wheat
17/07/2019,211.5839243,price_wheat
18/07/2019,209.9408284,price_wheat
19/07/2019,210.0900047,price_wheat
22/07/2019,210.1775148,price_wheat
23/07/2019,209.6090438,price_wheat
24/07/2019,208.5774549,price_wheat
25/07/2019,209.6363215,price_wheat
26/07/2019,209.9652375,price_wheat
29/07/2019,208.5720834,price_wheat
30/07/2019,209.467185,price_wheat
31/07/2019,209.478022,price_wheat
1/08/2019,204.9365942,price_wheat
2/08/2019,NA,price_wheat
5/08/2019,202.9145507,price_wheat
6/08/2019,199.7782705,price_wheat
7/08/2019,199.8237497,price_wheat
8/08/2019,204.3536206,price_wheat
9/08/2019,199.7780244,price_wheat
12/08/2019,NA,price_wheat
13/08/2019,184.8920863,price_wheat
14/08/2019,189.3687708,price_wheat
15/08/2019,194.56617,price_wheat
16/08/2019,195.2554745,price_wheat
20/08/2019,194.995417,price_wheat
21/08/2019,195.0018242,price_wheat
22/08/2019,194.98998,price_wheat
23/08/2019,194.9954504,price_wheat
26/08/2019,194.5906698,price_wheat
27/08/2019,194.8306595,price_wheat
28/08/2019,194.6459413,price_wheat
29/08/2019,196.5337955,price_wheat
30/08/2019,194.9081099,price_wheat
2/09/2019,189.9641577,price_wheat
3/09/2019,194.8727142,price_wheat
4/09/2019,199.1039427,price_wheat
5/09/2019,204.9811862,price_wheat
6/09/2019,208.5580726,price_wheat
9/09/2019,204.2278753,price_wheat
10/09/2019,204.9811862,price_wheat
11/09/2019,209.0032154,price_wheat
12/09/2019,211.9856887,price_wheat
13/09/2019,205.6877124,price_wheat
16/09/2019,205.064194,price_wheat
17/09/2019,204.973357,price_wheat
18/09/2019,204.9893466,price_wheat
19/09/2019,204.9849211,price_wheat
20/09/2019,204.9760935,price_wheat
23/09/2019,207.157969,price_wheat
24/09/2019,209.9876478,price_wheat
25/09/2019,214.9516271,price_wheat
26/09/2019,214.3483599,price_wheat
27/09/2019,213.9355742,price_wheat
30/09/2019,NA,price_wheat
1/10/2019,NA,price_wheat
2/10/2019,NA,price_wheat
3/10/2019,NA,price_wheat
4/10/2019,165.1312359,price_wheat
8/10/2019,169.2974848,price_wheat
9/10/2019,169.0603911,price_wheat
10/10/2019,NA,price_wheat
11/10/2019,171.1322385,price_wheat
15/10/2019,169.9672809,price_wheat
16/10/2019,175.4144597,price_wheat
17/10/2019,174.985805,price_wheat
18/10/2019,175.0644884,price_wheat
21/10/2019,NA,price_wheat
22/10/2019,174.8502994,price_wheat
23/10/2019,NA,price_wheat
24/10/2019,175.021097,price_wheat
25/10/2019,174.7491639,price_wheat
28/10/2019,170.994941,price_wheat
29/10/2019,172.093808,price_wheat
31/10/2019,170.0016815,price_wheat
1/11/2019,169.9412259,price_wheat
4/11/2019,170.0840336,price_wheat
5/11/2019,170.058873,price_wheat
6/11/2019,170.058873,price_wheat
7/11/2019,170.03367,price_wheat
8/11/2019,169.4772344,price_wheat
11/11/2019,169.874477,price_wheat
12/11/2019,168.907563,price_wheat
13/11/2019,168.0107527,price_wheat
14/11/2019,169.0188172,price_wheat
15/11/2019,168.1520094,price_wheat
19/11/2019,161.8759455,price_wheat
20/11/2019,162.9430539,price_wheat
21/11/2019,165.0167785,price_wheat
22/11/2019,165.0159476,price_wheat
25/11/2019,169.7193749,price_wheat
26/11/2019,167.0572481,price_wheat
27/11/2019,167.8697331,price_wheat
28/11/2019,169.9916178,price_wheat
29/11/2019,168.0616003,price_wheat
2/12/2019,165.621079,price_wheat
3/12/2019,166.0946003,price_wheat
4/12/2019,167.4932976,price_wheat
5/12/2019,165.0915782,price_wheat
6/12/2019,169.0659525,price_wheat
9/12/2019,169.0518035,price_wheat
10/12/2019,166.4710813,price_wheat
11/12/2019,167.7430177,price_wheat
12/12/2019,167.7430177,price_wheat
13/12/2019,171.0111379,price_wheat
16/12/2019,166.9043026,price_wheat
17/12/2019,NA,price_wheat
18/12/2019,165.0591294,price_wheat
19/12/2019,165.0591294,price_wheat
20/12/2019,168.0785037,price_wheat
23/12/2019,168.0883091,price_wheat
26/12/2019,168.3699112,price_wheat
27/12/2019,169.8809324,price_wheat
30/12/2019,169.3104024,price_wheat
2/01/2020,173.9495094,price_wheat
3/01/2020,176.1301686,price_wheat
6/01/2020,176.9688837,price_wheat
7/01/2020,176.9688837,price_wheat
8/01/2020,177.8075988,price_wheat
9/01/2020,179.988258,price_wheat
10/01/2020,180.9916801,price_wheat
13/01/2020,189.958159,price_wheat
14/01/2020,192.9502172,price_wheat
15/01/2020,193.9748954,price_wheat
16/01/2020,193.2245922,price_wheat
17/01/2020,194.7997659,price_wheat
20/01/2020,192.1149348,price_wheat
21/01/2020,198.6644407,price_wheat
22/01/2020,200.4342743,price_wheat
23/01/2020,203.740815,price_wheat
24/01/2020,205.3730945,price_wheat
27/01/2020,201.7675504,price_wheat
28/01/2020,203.4011337,price_wheat
29/01/2020,202.9818424,price_wheat
30/01/2020,199.8334721,price_wheat
31/01/2020,197.0074813,price_wheat
3/02/2020,196.6152315,price_wheat
4/02/2020,198.7413051,price_wheat
5/02/2020,198.7083954,price_wheat
6/02/2020,198.7105307,price_wheat
7/02/2020,196.4344668,price_wheat
10/02/2020,197.4398631,price_wheat
11/02/2020,197.6394885,price_wheat
12/02/2020,196.9555457,price_wheat
13/02/2020,196.1136806,price_wheat
14/02/2020,197.0322728,price_wheat
17/02/2020,194.4069368,price_wheat
18/02/2020,193.9409717,price_wheat
19/02/2020,193.404736,price_wheat
20/02/2020,195.0023543,price_wheat
21/02/2020,193.5462937,price_wheat
26/02/2020,193.8955226,price_wheat
27/02/2020,194.5462471,price_wheat
28/02/2020,196.9843574,price_wheat
2/03/2020,199.8098584,price_wheat
3/03/2020,196.4288589,price_wheat
4/03/2020,194.9838318,price_wheat
5/03/2020,NA,price_wheat
6/03/2020,195.0867052,price_wheat
9/03/2020,NA,price_wheat
10/03/2020,193.143022,price_wheat
11/03/2020,194.0131263,price_wheat
12/03/2020,NA,price_wheat
13/03/2020,NA,price_wheat
16/03/2020,NA,price_wheat
17/03/2020,NA,price_wheat
18/03/2020,NA,price_wheat
19/03/2020,190.0582487,price_wheat
20/03/2020,NA,price_wheat
25/03/2020,NA,price_wheat
26/03/2020,193.6622468,price_wheat
27/03/2020,195.4554657,price_wheat
30/03/2020,NA,price_wheat
1/04/2020,196.6453699,price_wheat
2/04/2020,196.683199,price_wheat
3/04/2020,195.023953,price_wheat
6/04/2020,NA,price_wheat
7/04/2020,195.0084015,price_wheat
8/04/2020,197.8140394,price_wheat
13/04/2020,194.9984658,price_wheat
14/04/2020,194.9464012,price_wheat
15/04/2020,195.0503676,price_wheat
16/04/2020,194.9954226,price_wheat
17/04/2020,NA,price_wheat
20/04/2020,NA,price_wheat
21/04/2020,197.2985278,price_wheat
22/04/2020,197.6374375,price_wheat
23/04/2020,195.0998185,price_wheat
24/04/2020,195.0022648,price_wheat
27/04/2020,NA,price_wheat
28/04/2020,NA,price_wheat
29/04/2020,190.8339594,price_wheat
30/04/2020,189.9759904,price_wheat
4/05/2020,188.8206204,price_wheat
5/05/2020,186.3772455,price_wheat
6/05/2020,186.0986547,price_wheat
7/05/2020,185.1022541,price_wheat
8/05/2020,184.8814671,price_wheat
11/05/2020,179.9910674,price_wheat
12/05/2020,180.0475766,price_wheat
13/05/2020,179.98218,price_wheat
14/05/2020,176.4531435,price_wheat
15/05/2020,173.2563305,price_wheat
18/05/2020,170.0680272,price_wheat
19/05/2020,170.014771,price_wheat
20/05/2020,169.1740413,price_wheat
21/05/2020,169.9808514,price_wheat
22/05/2020,169.1674022,price_wheat
26/05/2020,171.8818863,price_wheat
27/05/2020,171.9483568,price_wheat
28/05/2020,NA,price_wheat
29/05/2020,174.1293532,price_wheat
1/06/2020,175.069414,price_wheat
2/06/2020,174.8649832,price_wheat
3/06/2020,174.9016178,price_wheat
4/06/2020,176.1280932,price_wheat
5/06/2020,178.078209,price_wheat
8/06/2020,177.8455285,price_wheat
9/06/2020,179.0633609,price_wheat
10/06/2020,179.9884159,price_wheat
11/06/2020,180.0028939,price_wheat
12/06/2020,179.9913257,price_wheat
16/06/2020,180.0172886,price_wheat
17/06/2020,179.2140492,price_wheat
18/06/2020,179.0336497,price_wheat
19/06/2020,179.5977011,price_wheat
22/06/2020,179.1600975,price_wheat
23/06/2020,179.0061578,price_wheat
24/06/2020,183.1187411,price_wheat
25/06/2020,184.3910806,price_wheat
26/06/2020,184.2330763,price_wheat
29/06/2020,184.9002849,price_wheat
30/06/2020,184.7423854,price_wheat
1/07/2020,187.0022753,price_wheat
2/07/2020,186.8428531,price_wheat
3/07/2020,187.3935264,price_wheat
6/07/2020,189.039932,price_wheat
7/07/2020,NA,price_wheat
8/07/2020,191.9705966,price_wheat
13/07/2020,194.9605856,price_wheat
14/07/2020,194.9929677,price_wheat
15/07/2020,196.7397414,price_wheat
16/07/2020,196.5739961,price_wheat
17/07/2020,197.8114478,price_wheat
20/07/2020,195.9137979,price_wheat
21/07/2020,195.7494407,price_wheat
22/07/2020,195.585359,price_wheat
23/07/2020,194.7236181,price_wheat
24/07/2020,194.5606695,price_wheat
27/07/2020,190.5954368,price_wheat
28/07/2020,189.0464276,price_wheat
29/07/2020,190,price_wheat
30/07/2020,189.9805717,price_wheat
31/07/2020,191.3477537,price_wheat
3/08/2020,189.9889381,price_wheat
4/08/2020,189.9958546,price_wheat
5/08/2020,190.0027617,price_wheat
6/08/2020,188.9655172,price_wheat
7/08/2020,184.6493041,price_wheat
10/08/2020,NA,price_wheat
11/08/2020,186.8131868,price_wheat
12/08/2020,186.6849691,price_wheat
13/08/2020,NA,price_wheat
14/08/2020,185.9923246,price_wheat
18/08/2020,186.4754098,price_wheat
19/08/2020,186.9541485,price_wheat
20/08/2020,NA,price_wheat
21/08/2020,NA,price_wheat
24/08/2020,NA,price_wheat
25/08/2020,NA,price_wheat
26/08/2020,NA,price_wheat
27/08/2020,193.9245999,price_wheat
28/08/2020,NA,price_wheat
31/08/2020,NA,price_wheat
1/09/2020,195.0033761,price_wheat
2/09/2020,NA,price_wheat
3/09/2020,196.8185495,price_wheat
4/09/2020,NA,price_wheat
7/09/2020,NA,price_wheat
8/09/2020,197.2889545,price_wheat
9/09/2020,197.8007242,price_wheat
10/09/2020,NA,price_wheat
11/09/2020,NA,price_wheat
14/09/2020,NA,price_wheat
15/09/2020,NA,price_wheat
16/09/2020,NA,price_wheat
17/09/2020,NA,price_wheat
18/09/2020,NA,price_wheat
21/09/2020,NA,price_wheat
22/09/2020,198.1444665,price_wheat
23/09/2020,NA,price_wheat
24/09/2020,NA,price_wheat
25/09/2020,NA,price_wheat
28/09/2020,NA,price_wheat
29/09/2020,197.5763962,price_wheat
30/09/2020,NA,price_wheat
1/10/2020,NA,price_wheat
2/10/2020,NA,price_wheat
5/10/2020,200,price_wheat
6/10/2020,200,price_wheat
7/10/2020,200,price_wheat
8/10/2020,201.0141724,price_wheat
9/10/2020,200.1299545,price_wheat
13/10/2020,NA,price_wheat
14/10/2020,NA,price_wheat
15/10/2020,NA,price_wheat
16/10/2020,210.0362131,price_wheat
19/10/2020,210.6487464,price_wheat
20/10/2020,215.0232318,price_wheat
21/10/2020,219.2134107,price_wheat
22/10/2020,219.953775,price_wheat
23/10/2020,224.560503,price_wheat
26/10/2020,224.1865232,price_wheat
27/10/2020,224.0717029,price_wheat
28/10/2020,216.3615414,price_wheat
29/10/2020,211.0115237,price_wheat
30/10/2020,208.6533538,price_wheat
2/11/2020,207.6697668,price_wheat
3/11/2020,207.6717897,price_wheat
4/11/2020,206.7740708,price_wheat
5/11/2020,210.0126743,price_wheat
6/11/2020,210.0126743,price_wheat
9/11/2020,213.013266,price_wheat
10/11/2020,215.8273381,price_wheat
11/11/2020,215.6640182,price_wheat
12/11/2020,215.4737903,price_wheat
13/11/2020,214.9968573,price_wheat
16/11/2020,215.6199072,price_wheat
17/11/2020,214.992485,price_wheat
18/11/2020,215.0093809,price_wheat
19/11/2020,212.9120879,price_wheat
20/11/2020,207.9850281,price_wheat
24/11/2020,202.9813665,price_wheat
25/11/2020,203.9955329,price_wheat
26/11/2020,205.1059611,price_wheat
27/11/2020,208.9773711,price_wheat
30/11/2020,209.9617803,price_wheat
1/12/2020,211.005786,price_wheat
2/12/2020,213.4948948,price_wheat
3/12/2020,213.9872173,price_wheat
4/12/2020,214.8557397,price_wheat
9/12/2020,216.2756598,price_wheat
10/12/2020,223.9716831,price_wheat
11/12/2020,224.9725643,price_wheat
14/12/2020,219.4528875,price_wheat
15/12/2020,220.0898822,price_wheat
16/12/2020,222.033487,price_wheat
17/12/2020,223.9728518,price_wheat
18/12/2020,224.9515973,price_wheat
21/12/2020,225.4370102,price_wheat
22/12/2020,225.1655629,price_wheat
23/12/2020,226.4911015,price_wheat
28/12/2020,227.5985663,price_wheat
29/12/2020,227.2727273,price_wheat
30/12/2020,226.3251936,price_wheat
4/01/2021,226.035503,price_wheat
5/01/2021,225.0325021,price_wheat
6/01/2021,224.2946523,price_wheat
7/01/2021,225.2358491,price_wheat
8/01/2021,227.2727273,price_wheat
11/01/2021,226.6056123,price_wheat
12/01/2021,231.9690395,price_wheat
13/01/2021,231.9859402,price_wheat
14/01/2021,232.6779026,price_wheat
15/01/2021,234.3932663,price_wheat
18/01/2021,236.0270144,price_wheat
19/01/2021,235.6702709,price_wheat
20/01/2021,235.9837493,price_wheat
21/01/2021,235.0690015,price_wheat
22/01/2021,NA,price_wheat
25/01/2021,NA,price_wheat
26/01/2021,226.3303386,price_wheat
27/01/2021,222.0688068,price_wheat
28/01/2021,220.6896552,price_wheat
29/01/2021,220.360381,price_wheat
1/02/2021,220.4805492,price_wheat
2/02/2021,218.8571429,price_wheat
3/02/2021,217.4657534,price_wheat
4/02/2021,217.7630829,price_wheat
5/02/2021,215.261959,price_wheat
8/02/2021,215.9827214,price_wheat
9/02/2021,214.2857143,price_wheat
10/02/2021,214.3829401,price_wheat
11/02/2021,214.1643059,price_wheat
12/02/2021,NA,price_wheat
17/02/2021,NA,price_wheat
18/02/2021,212.0189061,price_wheat
19/02/2021,210.0292332,price_wheat
22/02/2021,212.0363107,price_wheat
23/02/2021,210.0078361,price_wheat
24/02/2021,209.9910595,price_wheat
25/02/2021,211.0552764,price_wheat
26/02/2021,209.2166927,price_wheat
1/03/2021,209.7007454,price_wheat
2/03/2021,214.0077821,price_wheat
3/03/2021,212.9290237,price_wheat
4/03/2021,214.2302142,price_wheat
5/03/2021,214.0401464,price_wheat
8/03/2021,215.2262919,price_wheat
9/03/2021,215.5648906,price_wheat
10/03/2021,215.9743703,price_wheat
11/03/2021,215.2793111,price_wheat
12/03/2021,215.1130723,price_wheat
15/03/2021,215.1661897,price_wheat
16/03/2021,NA,price_wheat
17/03/2021,NA,price_wheat
18/03/2021,NA,price_wheat
19/03/2021,NA,price_wheat
22/03/2021,216.0446536,price_wheat
23/03/2021,NA,price_wheat
25/03/2021,219.5042044,price_wheat
26/03/2021,NA,price_wheat
29/03/2021,NA,price_wheat
30/03/2021,NA,price_wheat
31/03/2021,NA,price_wheat
5/04/2021,NA,price_wheat
6/04/2021,NA,price_wheat
7/04/2021,NA,price_wheat
8/04/2021,NA,price_wheat
12/04/2021,NA,price_wheat
13/04/2021,NA,price_wheat
14/04/2021,209.7977723,price_wheat
15/04/2021,NA,price_wheat
16/04/2021,NA,price_wheat
19/04/2021,NA,price_wheat
20/04/2021,NA,price_wheat
21/04/2021,NA,price_wheat
22/04/2021,NA,price_wheat
23/04/2021,215.0236763,price_wheat
26/04/2021,NA,price_wheat
27/04/2021,NA,price_wheat
28/04/2021,218.2539683,price_wheat
29/04/2021,NA,price_wheat
30/04/2021,NA,price_wheat
3/05/2021,219.9636247,price_wheat
4/05/2021,225.0026735,price_wheat
5/05/2021,225.0133618,price_wheat
6/05/2021,229.725398,price_wheat
7/05/2021,234.1697811,price_wheat
10/05/2021,NA,price_wheat
11/05/2021,229.8666667,price_wheat
12/05/2021,230.006398,price_wheat
13/05/2021,230.0394414,price_wheat
14/05/2021,230.0724638,price_wheat
17/05/2021,230.064942,price_wheat
18/05/2021,229.9914857,price_wheat
19/05/2021,229.787234,price_wheat
20/05/2021,NA,price_wheat
21/05/2021,NA,price_wheat
26/05/2021,NA,price_wheat
27/05/2021,218.382275,price_wheat
28/05/2021,NA,price_wheat
31/05/2021,NA,price_wheat
1/06/2021,218.9781022,price_wheat
2/06/2021,218.8854817,price_wheat
3/06/2021,219.0043336,price_wheat
4/06/2021,NA,price_wheat
7/06/2021,NA,price_wheat
8/06/2021,220.0189853,price_wheat
9/06/2021,220.0316289,price_wheat
10/06/2021,219.9978927,price_wheat
11/06/2021,218.0554092,price_wheat
14/06/2021,217.2540768,price_wheat
15/06/2021,NA,price_wheat
16/06/2021,NA,price_wheat
17/06/2021,NA,price_wheat
18/06/2021,NA,price_wheat
22/06/2021,204.638472,price_wheat
23/06/2021,NA,price_wheat
24/06/2021,NA,price_wheat
25/06/2021,NA,price_wheat
28/06/2021,NA,price_wheat
29/06/2021,NA,price_wheat
30/06/2021,NA,price_wheat
1/07/2021,NA,price_wheat
2/07/2021,202.0085783,price_wheat
5/07/2021,202.027592,price_wheat
6/07/2021,NA,price_wheat
7/07/2021,202.6321287,price_wheat
8/07/2021,NA,price_wheat
12/07/2021,NA,price_wheat
13/07/2021,NA,price_wheat
14/07/2021,NA,price_wheat
15/07/2021,NA,price_wheat
16/07/2021,NA,price_wheat
19/07/2021,NA,price_wheat
20/07/2021,NA,price_wheat
21/07/2021,NA,price_wheat
22/07/2021,NA,price_wheat
23/07/2021,210.0394928,price_wheat
26/07/2021,209.9854681,price_wheat
27/07/2021,209.9200996,price_wheat
28/07/2021,209.8330049,price_wheat
29/07/2021,207.3828287,price_wheat
30/07/2021,204.9953363,price_wheat
2/08/2021,218.1385237,price_wheat
3/08/2021,214.2635338,price_wheat
4/08/2021,209.9761979,price_wheat
5/08/2021,216.9821078,price_wheat
6/08/2021,219.2347466,price_wheat
9/08/2021,219.5247934,price_wheat
10/08/2021,219.9731488,price_wheat
11/08/2021,225.0103263,price_wheat
12/08/2021,229.9989677,price_wheat
13/08/2021,232.9996904,price_wheat
17/08/2021,NA,price_wheat
18/08/2021,NA,price_wheat
19/08/2021,NA,price_wheat
20/08/2021,NA,price_wheat
23/08/2021,NA,price_wheat
24/08/2021,226.2210797,price_wheat
25/08/2021,228.0016447,price_wheat
26/08/2021,229.1174355,price_wheat
27/08/2021,233.9769926,price_wheat
30/08/2021,230.0276895,price_wheat
31/08/2021,229.1367644,price_wheat
1/09/2021,NA,price_wheat
2/09/2021,NA,price_wheat
3/09/2021,229.9815687,price_wheat
6/09/2021,229.769821,price_wheat
7/09/2021,230.0848758,price_wheat
8/09/2021,NA,price_wheat
9/09/2021,229.9437915,price_wheat
10/09/2021,NA,price_wheat
13/09/2021,230.0234718,price_wheat
14/09/2021,NA,price_wheat
15/09/2021,NA,price_wheat
17/09/2021,231.2550937,price_wheat
20/09/2021,NA,price_wheat
21/09/2021,230.9962349,price_wheat
22/09/2021,231.9666294,price_wheat
23/09/2021,235.0010169,price_wheat
24/09/2021,239.9349329,price_wheat
27/09/2021,237.0212334,price_wheat
28/09/2021,239.9959374,price_wheat
29/09/2021,240.0527812,price_wheat
30/09/2021,NA,price_wheat
1/10/2021,NA,price_wheat
4/10/2021,NA,price_wheat
5/10/2021,245.0096261,price_wheat
6/10/2021,NA,price_wheat
7/10/2021,244.9868341,price_wheat
12/10/2021,245.0197189,price_wheat
13/10/2021,239.9919127,price_wheat
14/10/2021,237.9749394,price_wheat
15/10/2021,239.9979794,price_wheat
18/10/2021,230.1403048,price_wheat
19/10/2021,NA,price_wheat
20/10/2021,NA,price_wheat
21/10/2021,NA,price_wheat
22/10/2021,NA,price_wheat
25/10/2021,NA,price_wheat
26/10/2021,226.4492754,price_wheat
27/10/2021,229.2609351,price_wheat
28/10/2021,229.1687607,price_wheat
29/10/2021,230.1045016,price_wheat
1/11/2021,NA,price_wheat
2/11/2021,NA,price_wheat
3/11/2021,NA,price_wheat
4/11/2021,243.9855654,price_wheat
5/11/2021,NA,price_wheat
8/11/2021,240.989187,price_wheat
9/11/2021,NA,price_wheat
10/11/2021,244.9224612,price_wheat
11/11/2021,242.9728919,price_wheat
12/11/2021,240.9518096,price_wheat
15/11/2021,236.3345658,price_wheat
16/11/2021,236.7868918,price_wheat
17/11/2021,235.1472791,price_wheat
18/11/2021,235.0064864,price_wheat
19/11/2021,229.9022541,price_wheat
23/11/2021,225.1668825,price_wheat
24/11/2021,228.0422227,price_wheat
25/11/2021,231.8869427,price_wheat
26/11/2021,234.5924453,price_wheat
29/11/2021,236.2517371,price_wheat
30/11/2021,232.2350139,price_wheat
1/12/2021,229.1666667,price_wheat
2/12/2021,227.9484638,price_wheat
3/12/2021,231.2797147,price_wheat
6/12/2021,232.4891175,price_wheat
7/12/2021,238.0952381,price_wheat
9/12/2021,238.9974344,price_wheat
10/12/2021,240.7498767,price_wheat
13/12/2021,238.4236453,price_wheat
14/12/2021,240.0078756,price_wheat
15/12/2021,237.9452864,price_wheat
16/12/2021,240.0196657,price_wheat
17/12/2021,242.6802908,price_wheat
20/12/2021,244.9720396,price_wheat
21/12/2021,245.00196,price_wheat
22/12/2021,243.484225,price_wheat
23/12/2021,241.9196866,price_wheat
27/12/2021,241.8409224,price_wheat
28/12/2021,240.1874634,price_wheat
29/12/2021,240.0468384,price_wheat
30/12/2021,238.002341,price_wheat
3/01/2022,237.3540856,price_wheat
4/01/2022,235.980173,price_wheat
5/01/2022,237.0312804,price_wheat
6/01/2022,236.8012422,price_wheat
7/01/2022,235.2541715,price_wheat
10/01/2022,235.6983835,price_wheat
11/01/2022,235.6811146,price_wheat
12/01/2022,236.4708156,price_wheat
13/01/2022,236.554987,price_wheat
14/01/2022,236.491702,price_wheat
17/01/2022,235.9961501,price_wheat
18/01/2022,231.316726,price_wheat
19/01/2022,234.0445982,price_wheat
20/01/2022,233.4069734,price_wheat
21/01/2022,235.2602266,price_wheat
24/01/2022,234.8317838,price_wheat
25/01/2022,244.2060908,price_wheat
26/01/2022,243.062201,price_wheat
27/01/2022,242.8994932,price_wheat
28/01/2022,NA,price_wheat
31/01/2022,240.69834,price_wheat
1/02/2022,240.6595501,price_wheat
2/02/2022,240,price_wheat
3/02/2022,240.0342498,price_wheat
4/02/2022,NA,price_wheat
7/02/2022,239.9981039,price_wheat
8/02/2022,240.0113615,price_wheat
9/02/2022,243.0693538,price_wheat
10/02/2022,242.8881958,price_wheat
11/02/2022,NA,price_wheat
14/02/2022,243.5003768,price_wheat
15/02/2022,243.4365296,price_wheat
16/02/2022,240.9945478,price_wheat
17/02/2022,241.8521649,price_wheat
18/02/2022,242.0716832,price_wheat
21/02/2022,241.9505803,price_wheat
22/02/2022,250.0233667,price_wheat
23/02/2022,256.8173328,price_wheat
24/02/2022,279.902967,price_wheat
25/02/2022,270.02331,price_wheat
2/03/2022,302.0050125,price_wheat
3/03/2022,316.9804322,price_wheat
4/03/2022,329.843417,price_wheat
7/03/2022,326.9586105,price_wheat
8/03/2022,328.9959395,price_wheat
9/03/2022,328.6320059,price_wheat
10/03/2022,330.2477664,price_wheat
11/03/2022,329.4074347,price_wheat
14/03/2022,318.3486239,price_wheat
15/03/2022,317.0821114,price_wheat
16/03/2022,305.0086988,price_wheat
17/03/2022,300.5214527,price_wheat
18/03/2022,300,price_wheat
21/03/2022,307.0055571,price_wheat
22/03/2022,314.9176299,price_wheat
23/03/2022,314.602655,price_wheat
25/03/2022,315.8467962,price_wheat
28/03/2022,310.4634323,price_wheat
29/03/2022,299.9457603,price_wheat
30/03/2022,306.9834673,price_wheat
31/03/2022,308.9973829,price_wheat
1/04/2022,309.9981969,price_wheat
4/04/2022,312.4719404,price_wheat
5/04/2022,320,price_wheat
6/04/2022,319.9856669,price_wheat
7/04/2022,324.5056813,price_wheat
8/04/2022,328.6888174,price_wheat
11/04/2022,333.6892686,price_wheat
12/04/2022,338.0419332,price_wheat
13/04/2022,340.0727144,price_wheat
18/04/2022,348.23239,price_wheat
19/04/2022,354.3757704,price_wheat
20/04/2022,361.9901547,price_wheat
21/04/2022,363.9476688,price_wheat
22/04/2022,369.9903534,price_wheat
25/04/2022,369.0600978,price_wheat
26/04/2022,369.9956389,price_wheat
27/04/2022,373.5632184,price_wheat
28/04/2022,379.196382,price_wheat
29/04/2022,379.9843628,price_wheat
2/05/2022,377.0016446,price_wheat
3/05/2022,375.2053255,price_wheat
4/05/2022,375.1510965,price_wheat
5/05/2022,375.1293549,price_wheat
6/05/2022,378.9836348,price_wheat
9/05/2022,378.8073788,price_wheat
10/05/2022,374.9678746,price_wheat
11/05/2022,375.5989049,price_wheat
12/05/2022,380.1794105,price_wheat
13/05/2022,378.9985499,price_wheat
16/05/2022,381.6080231,price_wheat
17/05/2022,385.0004242,price_wheat
19/05/2022,380.0152362,price_wheat
20/05/2022,374.9577274,price_wheat
23/05/2022,370.9786087,price_wheat
24/05/2022,367.0002523,price_wheat
26/05/2022,366.9994128,price_wheat
27/05/2022,370.0041894,price_wheat
30/05/2022,370.002504,price_wheat
31/05/2022,367.9166667,price_wheat
1/06/2022,360.0566101,price_wheat
2/06/2022,364.9592549,price_wheat
3/06/2022,361.8857902,price_wheat
6/06/2022,363.9070383,price_wheat
7/06/2022,363.9441738,price_wheat
8/06/2022,364.9484536,price_wheat
9/06/2022,364.0256959,price_wheat
10/06/2022,363.9279546,price_wheat
13/06/2022,360.03276,price_wheat
14/06/2022,354.0474244,price_wheat
15/06/2022,352.4897959,price_wheat
16/06/2022,358.8657106,price_wheat
21/06/2022,345.0230825,price_wheat
22/06/2022,345.3295592,price_wheat
23/06/2022,337.7723971,price_wheat
24/06/2022,338.0361174,price_wheat
27/06/2022,334.9931732,price_wheat
28/06/2022,334.884094,price_wheat
29/06/2022,335.0688882,price_wheat
30/06/2022,NA,price_wheat
1/07/2022,NA,price_wheat
4/07/2022,NA,price_wheat
5/07/2022,NA,price_wheat
6/07/2022,316.0313813,price_wheat
7/07/2022,NA,price_wheat
8/07/2022,343.9968404,price_wheat
11/07/2022,342.9020842,price_wheat
12/07/2022,337.5461182,price_wheat
13/07/2022,336.937784,price_wheat
14/07/2022,341.0015649,price_wheat
15/07/2022,338.539633,price_wheat
18/07/2022,NA,price_wheat
19/07/2022,334.2639988,price_wheat
20/07/2022,NA,price_wheat
21/07/2022,327.9486783,price_wheat
22/07/2022,NA,price_wheat
25/07/2022,300,price_wheat
26/07/2022,NA,price_wheat
27/07/2022,NA,price_wheat
28/07/2022,309.9984723,price_wheat
29/07/2022,310.9788663,price_wheat
1/08/2022,NA,price_wheat
2/08/2022,305,price_wheat
3/08/2022,305.0219331,price_wheat
4/08/2022,305.0060405,price_wheat
5/08/2022,304.9966086,price_wheat
8/08/2022,296.9183475,price_wheat
9/08/2022,300.4115226,price_wheat
10/08/2022,304.818827,price_wheat
11/08/2022,305.8103976,price_wheat
12/08/2022,305.8263264,price_wheat
16/08/2022,300.0074003,price_wheat
17/08/2022,300.0073893,price_wheat
18/08/2022,298.3038348,price_wheat
19/08/2022,NA,price_wheat
22/08/2022,281.0026385,price_wheat
23/08/2022,NA,price_wheat
24/08/2022,286.2358525,price_wheat
25/08/2022,286.0787172,price_wheat
26/08/2022,286,price_wheat
29/08/2022,282.0011584,price_wheat
30/08/2022,NA,price_wheat
2/01/2018,259.6941562,price_soja
3/01/2018,261.92423,price_soja
4/01/2018,264.4360496,price_soja
5/01/2018,266.7910448,price_soja
8/01/2018,264.659271,price_soja
9/01/2018,266.8613914,price_soja
10/01/2018,NA,price_soja
11/01/2018,265.986029,price_soja
12/01/2018,266.2721893,price_soja
15/01/2018,265.9346545,price_soja
16/01/2018,269.1489362,price_soja
17/01/2018,269.8666667,price_soja
18/01/2018,269.5791156,price_soja
19/01/2018,273.0881185,price_soja
22/01/2018,275.1233855,price_soja
23/01/2018,275.5393813,price_soja
24/01/2018,276.2148338,price_soja
25/01/2018,277.4922919,price_soja
26/01/2018,277.3497689,price_soja
29/01/2018,280.5441478,price_soja
30/01/2018,283.3375992,price_soja
31/01/2018,283.6317136,price_soja
1/02/2018,NA,price_soja
2/02/2018,281.0002578,price_soja
5/02/2018,278.6377709,price_soja
6/02/2018,282.631038,price_soja
7/02/2018,280.6838479,price_soja
8/02/2018,284.3482637,price_soja
9/02/2018,286.7203219,price_soja
14/02/2018,296.969697,price_soja
15/02/2018,299.591002,price_soja
16/02/2018,300.6103764,price_soja
19/02/2018,298.989899,price_soja
20/02/2018,303.7974684,price_soja
21/02/2018,305.1702396,price_soja
22/02/2018,302.7707809,price_soja
23/02/2018,303.0684105,price_soja
26/02/2018,300,price_soja
27/02/2018,309.4527363,price_soja
28/02/2018,314.8425787,price_soja
1/03/2018,314.6975213,price_soja
2/03/2018,314.823996,price_soja
5/03/2018,314.2715067,price_soja
6/03/2018,305.3359684,price_soja
7/03/2018,299.3599212,price_soja
8/03/2018,301.0858835,price_soja
9/03/2018,295.2853598,price_soja
12/03/2018,295.5223881,price_soja
13/03/2018,297.9622266,price_soja
14/03/2018,290.6110283,price_soja
15/03/2018,291.4299827,price_soja
16/03/2018,291.0447761,price_soja
19/03/2018,282.5870647,price_soja
20/03/2018,282.6679891,price_soja
21/03/2018,285.5726326,price_soja
22/03/2018,285.2173913,price_soja
23/03/2018,285.2165256,price_soja
26/03/2018,288.7008462,price_soja
27/03/2018,294.0003986,price_soja
28/03/2018,294.6780388,price_soja
3/04/2018,303.5358566,price_soja
4/04/2018,303.7848606,price_soja
5/04/2018,308.4577114,price_soja
6/04/2018,314.7410359,price_soja
9/04/2018,323.2951717,price_soja
10/04/2018,309.0727817,price_soja
11/04/2018,308.9495715,price_soja
12/04/2018,309.7961213,price_soja
13/04/2018,303.1809145,price_soja
16/04/2018,298.2107356,price_soja
17/04/2018,298.3067729,price_soja
18/04/2018,296.9802845,price_soja
19/04/2018,297.108674,price_soja
20/04/2018,300.6470881,price_soja
23/04/2018,302.5793651,price_soja
24/04/2018,307.5396825,price_soja
25/04/2018,312.6240572,price_soja
26/04/2018,313.9364303,price_soja
27/04/2018,319.2270059,price_soja
2/05/2018,318.7203791,price_soja
3/05/2018,313.3187773,price_soja
4/05/2018,317.5115207,price_soja
7/05/2018,315.6450137,price_soja
8/05/2018,322.4215247,price_soja
9/05/2018,315.2077807,price_soja
10/05/2018,314.2983621,price_soja
11/05/2018,310.880829,price_soja
14/05/2018,311.3700281,price_soja
15/05/2018,311.0647182,price_soja
16/05/2018,309.2186854,price_soja
17/05/2018,300.9909166,price_soja
18/05/2018,297.9860255,price_soja
21/05/2018,301.370991,price_soja
22/05/2018,299.834574,price_soja
23/05/2018,301.5384615,price_soja
24/05/2018,285.7142857,price_soja
28/05/2018,284.4372206,price_soja
29/05/2018,286.9846403,price_soja
30/05/2018,289.9718083,price_soja
31/05/2018,293.6444087,price_soja
1/06/2018,293.4673367,price_soja
4/06/2018,286.6907921,price_soja
5/06/2018,288.8173773,price_soja
6/06/2018,293.5483871,price_soja
7/06/2018,289.3309222,price_soja
8/06/2018,286.394288,price_soja
11/06/2018,277.992278,price_soja
12/06/2018,284.2105263,price_soja
13/06/2018,281.6602317,price_soja
14/06/2018,276.0869565,price_soja
15/06/2018,276.1061947,price_soja
18/06/2018,276.5647744,price_soja
19/06/2018,274.7650036,price_soja
21/06/2018,277.919708,price_soja
22/06/2018,283.1661093,price_soja
25/06/2018,279.7332345,price_soja
26/06/2018,279.6296296,price_soja
27/06/2018,277.9809802,price_soja
28/06/2018,276.4285714,price_soja
29/06/2018,281.3913043,price_soja
2/07/2018,283.3333333,price_soja
3/07/2018,279.4223827,price_soja
4/07/2018,276.3675366,price_soja
5/07/2018,279.0697674,price_soja
6/07/2018,288.1294964,price_soja
10/07/2018,285.2951962,price_soja
11/07/2018,282.8875046,price_soja
12/07/2018,283.8186509,price_soja
13/07/2018,280.7082257,price_soja
16/07/2018,282.8319883,price_soja
17/07/2018,280.8743169,price_soja
18/07/2018,280.7476907,price_soja
19/07/2018,278.3903973,price_soja
20/07/2018,279.1120815,price_soja
23/07/2018,277.9796512,price_soja
24/07/2018,279.4010226,price_soja
25/07/2018,278.4902895,price_soja
26/07/2018,278.286342,price_soja
27/07/2018,279.1551882,price_soja
30/07/2018,280.6113055,price_soja
31/07/2018,282.6803369,price_soja
1/08/2018,277.1194166,price_soja
2/08/2018,NA,price_soja
3/08/2018,NA,price_soja
6/08/2018,265.148733,price_soja
7/08/2018,267.4482506,price_soja
8/08/2018,272.2323049,price_soja
9/08/2018,271.5101749,price_soja
10/08/2018,260.8919383,price_soja
13/08/2018,268.2313495,price_soja
14/08/2018,260.9284988,price_soja
15/08/2018,260.8695652,price_soja
16/08/2018,268.9979825,price_soja
17/08/2018,265.5462185,price_soja
21/08/2018,264.2140468,price_soja
22/08/2018,262.0232172,price_soja
23/08/2018,254.0309312,price_soja
24/08/2018,257.4675325,price_soja
27/08/2018,253.3203758,price_soja
28/08/2018,252.8,price_soja
29/08/2018,243.9528024,price_soja
30/08/2018,240,price_soja
31/08/2018,245.5661664,price_soja
3/09/2018,NA,price_soja
4/09/2018,235.7807653,price_soja
5/09/2018,239.5287958,price_soja
6/09/2018,244.9528937,price_soja
7/09/2018,250.3397662,price_soja
10/09/2018,250.6724045,price_soja
11/09/2018,251.9806046,price_soja
12/09/2018,249.6714849,price_soja
13/09/2018,247.0139771,price_soja
14/09/2018,245.8396369,price_soja
17/09/2018,242.8171879,price_soja
18/09/2018,242.3414535,price_soja
19/09/2018,249.6795693,price_soja
20/09/2018,252.6315789,price_soja
21/09/2018,NA,price_soja
24/09/2018,249.3261456,price_soja
25/09/2018,NA,price_soja
26/09/2018,255.8078831,price_soja
27/09/2018,253.5443038,price_soja
28/09/2018,257.2472594,price_soja
1/10/2018,257.6142132,price_soja
2/10/2018,NA,price_soja
3/10/2018,259.2691384,price_soja
4/10/2018,266.9291339,price_soja
5/10/2018,268.597237,price_soja
8/10/2018,268.1354111,price_soja
9/10/2018,261.375948,price_soja
10/10/2018,NA,price_soja
11/10/2018,256.8050591,price_soja
16/10/2018,NA,price_soja
17/10/2018,261.5341857,price_soja
18/10/2018,256.2414266,price_soja
19/10/2018,253.164557,price_soja
22/10/2018,252.3441809,price_soja
23/10/2018,250.8931025,price_soja
24/10/2018,247.2826087,price_soja
25/10/2018,241.8693632,price_soja
26/10/2018,246.1790393,price_soja
29/10/2018,246.5940054,price_soja
30/10/2018,247.8772939,price_soja
31/10/2018,244.7552448,price_soja
1/11/2018,255.1451931,price_soja
2/11/2018,256.4465854,price_soja
5/11/2018,249.3653032,price_soja
6/11/2018,248.2369535,price_soja
7/11/2018,248.6608401,price_soja
8/11/2018,247.0254958,price_soja
9/11/2018,247.1590909,price_soja
12/11/2018,244.7710571,price_soja
13/11/2018,248.2566248,price_soja
14/11/2018,248.4593838,price_soja
15/11/2018,248.2566248,price_soja
16/11/2018,NA,price_soja
20/11/2018,245.9699833,price_soja
21/11/2018,246.8450978,price_soja
22/11/2018,243.2506887,price_soja
23/11/2018,240.6417112,price_soja
26/11/2018,236.8082368,price_soja
27/11/2018,240.6779661,price_soja
28/11/2018,245.687402,price_soja
29/11/2018,245.2025586,price_soja
30/11/2018,246.0021322,price_soja
3/12/2018,249.862259,price_soja
4/12/2018,247.311828,price_soja
5/12/2018,247.7852349,price_soja
6/12/2018,244.2666667,price_soja
7/12/2018,242.4731183,price_soja
10/12/2018,244.2605446,price_soja
11/12/2018,241.9569263,price_soja
12/12/2018,243.9154854,price_soja
13/12/2018,240.4996014,price_soja
14/12/2018,NA,price_soja
17/12/2018,238.5706779,price_soja
18/12/2018,239.8843931,price_soja
19/12/2018,238.9310977,price_soja
20/12/2018,238.3091149,price_soja
21/12/2018,NA,price_soja
26/12/2018,233.3333333,price_soja
27/12/2018,236.2204724,price_soja
28/12/2018,240.5333333,price_soja
2/01/2019,245.1268358,price_soja
3/01/2019,246.9798658,price_soja
4/01/2019,249.6637073,price_soja
7/01/2019,248.7535373,price_soja
8/01/2019,246.5240642,price_soja
9/01/2019,250.0672585,price_soja
10/01/2019,245.3904555,price_soja
11/01/2019,246.5940054,price_soja
14/01/2019,243.75,price_soja
15/01/2019,241.7344173,price_soja
16/01/2019,243.9678284,price_soja
17/01/2019,247.9338843,price_soja
18/01/2019,251.2038523,price_soja
21/01/2019,250.1333333,price_soja
22/01/2019,249.3972676,price_soja
23/01/2019,250.6691649,price_soja
24/01/2019,250.8064516,price_soja
25/01/2019,251.9685039,price_soja
28/01/2019,251.962111,price_soja
29/01/2019,250.9333333,price_soja
30/01/2019,253.5513267,price_soja
31/01/2019,251.6823688,price_soja
1/02/2019,253.9897214,price_soja
4/02/2019,250.6082725,price_soja
5/02/2019,249.7297297,price_soja
6/02/2019,249.4640943,price_soja
7/02/2019,246.6772993,price_soja
8/02/2019,245.6839309,price_soja
11/02/2019,243.1715725,price_soja
12/02/2019,244.7737497,price_soja
13/02/2019,243.2930037,price_soja
14/02/2019,241.188848,price_soja
15/02/2019,241.280583,price_soja
18/02/2019,240.1554404,price_soja
19/02/2019,238.80215,price_soja
20/02/2019,240.435774,price_soja
21/02/2019,241.5458937,price_soja
22/02/2019,240.9021015,price_soja
25/02/2019,241.4476563,price_soja
26/02/2019,238.6863201,price_soja
27/02/2019,237.1828068,price_soja
28/02/2019,236.3286264,price_soja
1/03/2019,232.2645797,price_soja
6/03/2019,231.8125771,price_soja
7/03/2019,230.0236407,price_soja
8/03/2019,232.195122,price_soja
11/03/2019,226.7639903,price_soja
12/03/2019,229.2978208,price_soja
13/03/2019,231.2195122,price_soja
14/03/2019,231.2053241,price_soja
15/03/2019,234.9246231,price_soja
18/03/2019,230.4020101,price_soja
19/03/2019,227.0471464,price_soja
20/03/2019,226.3222632,price_soja
21/03/2019,228.1517748,price_soja
22/03/2019,229.5673077,price_soja
25/03/2019,224.5702006,price_soja
26/03/2019,222.667295,price_soja
27/03/2019,217.5406458,price_soja
28/03/2019,218.7428045,price_soja
29/03/2019,217.8447277,price_soja
1/04/2019,223.476829,price_soja
3/04/2019,221.4670729,price_soja
4/04/2019,219.8565147,price_soja
5/04/2019,215.1840842,price_soja
8/04/2019,211.4942529,price_soja
9/04/2019,209.9652375,price_soja
10/04/2019,212.8007475,price_soja
11/04/2019,211.7508813,price_soja
12/04/2019,212.4821343,price_soja
15/04/2019,216.0791888,price_soja
16/04/2019,213.5577151,price_soja
17/04/2019,218.9448441,price_soja
22/04/2019,219.2526017,price_soja
23/04/2019,215.6398104,price_soja
24/04/2019,218.0571429,price_soja
25/04/2019,222.8187919,price_soja
26/04/2019,215.4249508,price_soja
29/04/2019,215.184136,price_soja
30/04/2019,210.0113766,price_soja
2/05/2019,205.1569507,price_soja
3/05/2019,205.0180832,price_soja
6/05/2019,202.0247469,price_soja
7/05/2019,207.400842,price_soja
8/05/2019,210.0222717,price_soja
9/05/2019,209.9889012,price_soja
10/05/2019,210.7623318,price_soja
13/05/2019,212.9175947,price_soja
14/05/2019,220.0134018,price_soja
15/05/2019,223.8839286,price_soja
16/05/2019,223.1442027,price_soja
17/05/2019,220.5357143,price_soja
20/05/2019,222.4938875,price_soja
21/05/2019,221.4494054,price_soja
22/05/2019,223.9373602,price_soja
23/05/2019,222.98953,price_soja
24/05/2019,227.9246974,price_soja
27/05/2019,227.7715566,price_soja
28/05/2019,232.6365475,price_soja
29/05/2019,235.480226,price_soja
30/05/2019,236.7531003,price_soja
31/05/2019,234.5152603,price_soja
3/06/2019,233.4900381,price_soja
4/06/2019,234.3293642,price_soja
5/06/2019,230.8724832,price_soja
6/06/2019,231.38833,price_soja
7/06/2019,227.0996641,price_soja
10/06/2019,227.9642058,price_soja
11/06/2019,227.8651685,price_soja
12/06/2019,230.0437083,price_soja
13/06/2019,229.5575631,price_soja
14/06/2019,226.6392506,price_soja
18/06/2019,229.2051756,price_soja
19/06/2019,225.2900232,price_soja
21/06/2019,227.048603,price_soja
24/06/2019,227.2727273,price_soja
25/06/2019,225.2252252,price_soja
26/06/2019,224.5473783,price_soja
27/06/2019,223.5294118,price_soja
28/06/2019,225.0195206,price_soja
1/07/2019,220.0616552,price_soja
2/07/2019,222.1428571,price_soja
3/07/2019,224.7191011,price_soja
4/07/2019,223.3429395,price_soja
5/07/2019,224.0096038,price_soja
10/07/2019,228.4959154,price_soja
11/07/2019,227.7108434,price_soja
12/07/2019,230.6763285,price_soja
15/07/2019,227.7251185,price_soja
16/07/2019,227.0372115,price_soja
17/07/2019,227.8959811,price_soja
18/07/2019,227.4556213,price_soja
19/07/2019,231.8806253,price_soja
22/07/2019,227.6923077,price_soja
23/07/2019,228.685822,price_soja
24/07/2019,230.1382704,price_soja
25/07/2019,227.0094973,price_soja
26/07/2019,231.7497103,price_soja
29/07/2019,231.7212927,price_soja
30/07/2019,233.2494855,price_soja
31/07/2019,231.2271062,price_soja
1/08/2019,228.7137681,price_soja
2/08/2019,231.9460067,price_soja
5/08/2019,235.1512475,price_soja
6/08/2019,237.2505543,price_soja
7/08/2019,240.3613131,price_soja
8/08/2019,244.3358507,price_soja
9/08/2019,244.173141,price_soja
12/08/2019,NA,price_soja
13/08/2019,NA,price_soja
14/08/2019,240.0332226,price_soja
15/08/2019,241.0166521,price_soja
16/08/2019,245.2554745,price_soja
20/08/2019,242.8964253,price_soja
21/08/2019,244.9835826,price_soja
22/08/2019,243.5051922,price_soja
23/08/2019,240.0363967,price_soja
26/08/2019,240.1524778,price_soja
27/08/2019,235.4723708,price_soja
28/08/2019,236.0967185,price_soja
29/08/2019,236.5684575,price_soja
30/08/2019,235.9635812,price_soja
2/09/2019,NA,price_soja
3/09/2019,233.0584439,price_soja
4/09/2019,240.1433692,price_soja
5/09/2019,234.7249597,price_soja
6/09/2019,235.5267889,price_soja
9/09/2019,234.6829094,price_soja
10/09/2019,240.1003404,price_soja
11/09/2019,236.6916756,price_soja
12/09/2019,239.5348837,price_soja
13/09/2019,240.9229118,price_soja
16/09/2019,240.192582,price_soja
17/09/2019,238.8987567,price_soja
18/09/2019,237.9261364,price_soja
19/09/2019,239.4890899,price_soja
20/09/2019,234.9920312,price_soja
23/09/2019,236.6008463,price_soja
24/09/2019,236.0155285,price_soja
25/09/2019,235.532102,price_soja
26/09/2019,234.9587792,price_soja
27/09/2019,233.9985994,price_soja
30/09/2019,238.5433002,price_soja
1/10/2019,240.2506964,price_soja
2/10/2019,239.8472753,price_soja
3/10/2019,237.962802,price_soja
4/10/2019,238.4842691,price_soja
8/10/2019,241.9774501,price_soja
9/10/2019,243.1216473,price_soja
10/10/2019,243.1637245,price_soja
11/10/2019,245.4624028,price_soja
15/10/2019,235.0611331,price_soja
16/10/2019,235.6056958,price_soja
17/10/2019,236.4115005,price_soja
18/10/2019,240,price_soja
21/10/2019,240.9535243,price_soja
22/10/2019,243.798118,price_soja
23/10/2019,244.7278912,price_soja
24/10/2019,246.4135021,price_soja
25/10/2019,244.1471572,price_soja
28/10/2019,239.9662732,price_soja
29/10/2019,244.9805973,price_soja
31/10/2019,249.873886,price_soja
1/11/2019,251.0495382,price_soja
4/11/2019,251.0084034,price_soja
5/11/2019,250.6307822,price_soja
6/11/2019,247.2666106,price_soja
7/11/2019,252.5252525,price_soja
8/11/2019,251.9392917,price_soja
11/11/2019,249.3723849,price_soja
12/11/2019,253.4453782,price_soja
13/11/2019,254.0322581,price_soja
14/11/2019,253.6962366,price_soja
15/11/2019,252.5643181,price_soja
19/11/2019,250.1260716,price_soja
20/11/2019,249.7900218,price_soja
21/11/2019,250.1677852,price_soja
22/11/2019,249.9580326,price_soja
25/11/2019,250.3780877,price_soja
26/11/2019,247.9912956,price_soja
27/11/2019,249.7901628,price_soja
28/11/2019,246.4375524,price_soja
29/11/2019,246.0662872,price_soja
2/12/2019,248.0970305,price_soja
3/12/2019,249.9790707,price_soja
4/12/2019,251.0053619,price_soja
5/12/2019,247.7210003,price_soja
6/12/2019,249.916304,price_soja
9/12/2019,249.9790777,price_soja
10/12/2019,248.1139983,price_soja
11/12/2019,245.9112639,price_soja
12/12/2019,249.9370964,price_soja
13/12/2019,251.610306,price_soja
16/12/2019,NA,price_soja
17/12/2019,NA,price_soja
18/12/2019,NA,price_soja
19/12/2019,234.8402248,price_soja
20/12/2019,234.8402248,price_soja
23/12/2019,239.1704298,price_soja
26/12/2019,239.9899481,price_soja
27/12/2019,246.5202079,price_soja
30/12/2019,251.2940391,price_soja
2/01/2020,257.6532752,price_soja
3/01/2020,253.2919567,price_soja
6/01/2020,258.3242473,price_soja
7/01/2020,254.9693869,price_soja
8/01/2020,254.9693869,price_soja
9/01/2020,257.9887612,price_soja
10/01/2020,259.9973162,price_soja
13/01/2020,260,price_soja
14/01/2020,260.6080855,price_soja
15/01/2020,260.251046,price_soja
16/01/2020,259.3057298,price_soja
17/01/2020,260.0117047,price_soja
20/01/2020,259.7728032,price_soja
21/01/2020,257.0951586,price_soja
22/01/2020,258.0591281,price_soja
23/01/2020,260.0200401,price_soja
24/01/2020,255.4640931,price_soja
27/01/2020,254.2938136,price_soja
28/01/2020,255.0016672,price_soja
29/01/2020,251.5408962,price_soja
30/01/2020,249.958368,price_soja
31/01/2020,246.0515378,price_soja
3/02/2020,245.3957193,price_soja
4/02/2020,244.9983438,price_soja
5/02/2020,246.729591,price_soja
6/02/2020,247.148289,price_soja
7/02/2020,249.2571806,price_soja
10/02/2020,248.4451611,price_soja
11/02/2020,245.4078366,price_soja
12/02/2020,248.2426387,price_soja
13/02/2020,248.0020919,price_soja
14/02/2020,246.9841166,price_soja
17/02/2020,246.4656982,price_soja
18/02/2020,248.9343009,price_soja
19/02/2020,244.6001073,price_soja
20/02/2020,239.9779181,price_soja
21/02/2020,235.321793,price_soja
26/02/2020,NA,price_soja
27/02/2020,NA,price_soja
28/02/2020,220.9321077,price_soja
2/03/2020,220.7576661,price_soja
3/03/2020,227.0202386,price_soja
4/03/2020,231.0204476,price_soja
5/03/2020,229.8333307,price_soja
6/03/2020,228.002569,price_soja
9/03/2020,NA,price_soja
10/03/2020,NA,price_soja
11/03/2020,221.7064191,price_soja
12/03/2020,220.0610038,price_soja
13/03/2020,219.939712,price_soja
16/03/2020,214.6755995,price_soja
17/03/2020,214.992299,price_soja
18/03/2020,219.3885633,price_soja
19/03/2020,219.8929738,price_soja
20/03/2020,211.5777883,price_soja
25/03/2020,219.5771339,price_soja
26/03/2020,220.9936123,price_soja
27/03/2020,222.0872463,price_soja
30/03/2020,222.035507,price_soja
1/04/2020,212.9677129,price_soja
2/04/2020,212.9572226,price_soja
3/04/2020,213.2591562,price_soja
6/04/2020,208.3654885,price_soja
7/04/2020,210.0386934,price_soja
8/04/2020,207.820197,price_soja
13/04/2020,204.97085,price_soja
14/04/2020,209.0352221,price_soja
15/04/2020,210.0001529,price_soja
16/04/2020,209.9938969,price_soja
17/04/2020,211.6966189,price_soja
20/04/2020,206.4457282,price_soja
21/04/2020,206.5563818,price_soja
22/04/2020,207.4814478,price_soja
23/04/2020,206.0647308,price_soja
24/04/2020,206.4019327,price_soja
27/04/2020,205.0354289,price_soja
28/04/2020,205.4794521,price_soja
29/04/2020,206.0105184,price_soja
30/04/2020,210.0090036,price_soja
4/05/2020,206.8035366,price_soja
5/05/2020,211.8263473,price_soja
6/05/2020,209.2675635,price_soja
7/05/2020,211.5241081,price_soja
8/05/2020,214.8501566,price_soja
11/05/2020,215.8701801,price_soja
12/05/2020,217.068094,price_soja
13/05/2020,217.5527176,price_soja
14/05/2020,216.9335706,price_soja
15/05/2020,216.940619,price_soja
18/05/2020,216.3561077,price_soja
19/05/2020,216.3958641,price_soja
20/05/2020,219.7640118,price_soja
21/05/2020,215.0537634,price_soja
22/05/2020,216.2400706,price_soja
26/05/2020,216.982518,price_soja
27/05/2020,217.1361502,price_soja
28/05/2020,216.1172161,price_soja
29/05/2020,216.1252561,price_soja
1/06/2020,218.1791612,price_soja
2/06/2020,219.6759597,price_soja
3/06/2020,220.3760385,price_soja
4/06/2020,223.580786,price_soja
5/06/2020,221.689199,price_soja
8/06/2020,221.3995354,price_soja
9/06/2020,221.1106278,price_soja
10/06/2020,221.5464813,price_soja
11/06/2020,221.8202865,price_soja
12/06/2020,221.917016,price_soja
16/06/2020,220.4293329,price_soja
17/06/2020,221.6784223,price_soja
18/06/2020,222.8932988,price_soja
19/06/2020,226.5804598,price_soja
22/06/2020,225.0250824,price_soja
23/06/2020,225.5477588,price_soja
24/06/2020,223.1759657,price_soja
25/06/2020,221.5551744,price_soja
26/06/2020,220.3656098,price_soja
29/06/2020,218.5185185,price_soja
30/06/2020,222.3171079,price_soja
1/07/2020,226.109215,price_soja
2/07/2020,227.3373117,price_soja
3/07/2020,227.1436684,price_soja
6/07/2020,226.8479184,price_soja
7/07/2020,229.9419839,price_soja
8/07/2020,230.9867119,price_soja
13/07/2020,225.9994369,price_soja
14/07/2020,229.9578059,price_soja
15/07/2020,230.4665542,price_soja
16/07/2020,234.4846953,price_soja
17/07/2020,235.6902357,price_soja
20/07/2020,235.7962497,price_soja
21/07/2020,236.9966443,price_soja
22/07/2020,238.0553227,price_soja
23/07/2020,241.0664433,price_soja
24/07/2020,241.2831241,price_soja
27/07/2020,240.9571508,price_soja
28/07/2020,239.088129,price_soja
29/07/2020,239.8611111,price_soja
30/07/2020,239.3838468,price_soja
31/07/2020,240.5712701,price_soja
3/08/2020,239.9059735,price_soja
4/08/2020,238.0129888,price_soja
5/08/2020,238.8842861,price_soja
6/08/2020,239.862069,price_soja
7/08/2020,238.9417115,price_soja
10/08/2020,240.5498282,price_soja
11/08/2020,239.010989,price_soja
12/08/2020,240.3568977,price_soja
13/08/2020,244.8223838,price_soja
14/08/2020,243.4210526,price_soja
18/08/2020,245.9016393,price_soja
19/08/2020,245.6331878,price_soja
20/08/2020,244.2383745,price_soja
21/08/2020,242.9817389,price_soja
24/08/2020,244.3900449,price_soja
25/08/2020,248.6075262,price_soja
26/08/2020,249.7963617,price_soja
27/08/2020,252.2375915,price_soja
28/08/2020,254.7425474,price_soja
31/08/2020,256.8261692,price_soja
1/09/2020,257.258609,price_soja
2/09/2020,257.9600648,price_soja
3/09/2020,258.0210299,price_soja
4/09/2020,259.0247845,price_soja
7/09/2020,259.2343855,price_soja
8/09/2020,260.0993155,price_soja
9/09/2020,262.1697734,price_soja
10/09/2020,263.2636656,price_soja
11/09/2020,267.969482,price_soja
14/09/2020,268.5531233,price_soja
15/09/2020,269.102547,price_soja
16/09/2020,275.8161226,price_soja
17/09/2020,279.685836,price_soja
18/09/2020,287.9755254,price_soja
21/09/2020,283.8572755,price_soja
22/09/2020,286.9449967,price_soja
23/09/2020,288.6652542,price_soja
24/09/2020,NA,price_soja
25/09/2020,281.5598149,price_soja
28/09/2020,NA,price_soja
29/09/2020,NA,price_soja
30/09/2020,289.9447223,price_soja
1/10/2020,300.4602235,price_soja
2/10/2020,300.9771987,price_soja
5/10/2020,300.7420909,price_soja
6/10/2020,306.3215401,price_soja
7/10/2020,309.4526069,price_soja
8/10/2020,311.0128722,price_soja
9/10/2020,314.4899285,price_soja
13/10/2020,312.0549009,price_soja
14/10/2020,315.7349896,price_soja
15/10/2020,318.3641776,price_soja
16/10/2020,319.4516296,price_soja
19/10/2020,323.2101318,price_soja
20/10/2020,329.1171915,price_soja
21/10/2020,334.622824,price_soja
22/10/2020,338.9830508,price_soja
23/10/2020,340.4978827,price_soja
26/10/2020,341.0197284,price_soja
27/10/2020,340.5889885,price_soja
28/10/2020,NA,price_soja
29/10/2020,334.0588988,price_soja
30/10/2020,322.9646697,price_soja
2/11/2020,320.4229838,price_soja
3/11/2020,325.1619459,price_soja
4/11/2020,331.3459343,price_soja
5/11/2020,336.5019011,price_soja
6/11/2020,334.6007605,price_soja
9/11/2020,336.7024637,price_soja
10/11/2020,342.6732298,price_soja
11/11/2020,345.5669063,price_soja
12/11/2020,344.0020161,price_soja
13/11/2020,346.9516028,price_soja
16/11/2020,347.875141,price_soja
17/11/2020,351.9539078,price_soja
18/11/2020,355.0969356,price_soja
19/11/2020,353.3966034,price_soja
20/11/2020,353.9987523,price_soja
24/11/2020,344.9689441,price_soja
25/11/2020,344.9559499,price_soja
26/11/2020,345.0241666,price_soja
27/11/2020,344.9981452,price_soja
30/11/2020,337.5046234,price_soja
1/12/2020,339.5297304,price_soja
2/12/2020,333.0052897,price_soja
3/12/2020,335.7915438,price_soja
4/12/2020,329.8956415,price_soja
9/12/2020,325.6353861,price_soja
10/12/2020,326.0100085,price_soja
11/12/2020,329.593952,price_soja
14/12/2020,331.3069909,price_soja
15/12/2020,335.6006316,price_soja
16/12/2020,337.9034215,price_soja
17/12/2020,334.8685008,price_soja
18/12/2020,333.9787028,price_soja
21/12/2020,335.1416516,price_soja
22/12/2020,336.6646598,price_soja
23/12/2020,340.3078403,price_soja
28/12/2020,340.0238949,price_soja
29/12/2020,343.9513243,price_soja
30/12/2020,344.0142942,price_soja
4/01/2021,344.9704142,price_soja
5/01/2021,347.949415,price_soja
6/01/2021,347.5386613,price_soja
7/01/2021,343.75,price_soja
8/01/2021,346.7969854,price_soja
11/01/2021,346.9531525,price_soja
12/01/2021,351.8236191,price_soja
13/01/2021,352.0796719,price_soja
14/01/2021,354.9859551,price_soja
15/01/2021,351.0053776,price_soja
18/01/2021,350.9548207,price_soja
19/01/2021,342.983374,price_soja
20/01/2021,340.684852,price_soja
21/01/2021,337.4695582,price_soja
22/01/2021,327.6600672,price_soja
25/01/2021,328.0276817,price_soja
26/01/2021,330.5689933,price_soja
27/01/2021,326.1995167,price_soja
28/01/2021,328.045977,price_soja
29/01/2021,329.9667164,price_soja
1/02/2021,329.5194508,price_soja
2/02/2021,330,price_soja
3/02/2021,332.9908676,price_soja
4/02/2021,332.0031923,price_soja
5/02/2021,331.4350797,price_soja
8/02/2021,329.6578379,price_soja
9/02/2021,331.5920963,price_soja
10/02/2021,323.8430127,price_soja
11/02/2021,328.611898,price_soja
12/02/2021,329.4091012,price_soja
17/02/2021,331.0232139,price_soja
18/02/2021,328.0441143,price_soja
19/02/2021,329.9977513,price_soja
22/02/2021,327.2442004,price_soja
23/02/2021,330.7959252,price_soja
24/02/2021,331.0236924,price_soja
25/02/2021,327.7498604,price_soja
26/02/2021,327.7170274,price_soja
1/03/2021,325.3977083,price_soja
2/03/2021,327.2929405,price_soja
3/03/2021,326.0024436,price_soja
4/03/2021,330.00333,price_soja
5/03/2021,330.0432516,price_soja
8/03/2021,329.7554498,price_soja
9/03/2021,331.1961088,price_soja
10/03/2021,329.9823243,price_soja
11/03/2021,331.1989402,price_soja
12/03/2021,330.9431881,price_soja
15/03/2021,333.1499009,price_soja
16/03/2021,333.9931816,price_soja
17/03/2021,330.989011,price_soja
18/03/2021,329.8572997,price_soja
19/03/2021,332.382624,price_soja
22/03/2021,330.9620225,price_soja
23/03/2021,332.0209974,price_soja
25/03/2021,330.0207492,price_soja
26/03/2021,328.4591881,price_soja
29/03/2021,326.027696,price_soja
30/03/2021,320.9459459,price_soja
31/03/2021,333.3333333,price_soja
5/04/2021,324.9674055,price_soja
6/04/2021,326.9982624,price_soja
7/04/2021,323.4559861,price_soja
8/04/2021,325.9926231,price_soja
12/04/2021,319.9826802,price_soja
13/04/2021,322.2246267,price_soja
14/04/2021,327.0249811,price_soja
15/04/2021,326.9563338,price_soja
16/04/2021,331.9943851,price_soja
19/04/2021,330.9965487,price_soja
20/04/2021,337.5013474,price_soja
21/04/2021,339.9763008,price_soja
22/04/2021,348.013352,price_soja
23/04/2021,348.4718037,price_soja
26/04/2021,346.513377,price_soja
27/04/2021,340.9212928,price_soja
28/04/2021,339.98284,price_soja
29/04/2021,332.261522,price_soja
30/04/2021,330.0128535,price_soja
3/05/2021,330.5873542,price_soja
4/05/2021,336.0068442,price_soja
5/05/2021,338.8562266,price_soja
6/05/2021,345.1223421,price_soja
7/05/2021,352.3758676,price_soja
10/05/2021,349.9413208,price_soja
11/05/2021,357.3333333,price_soja
12/05/2021,362.0174877,price_soja
13/05/2021,345.0591621,price_soja
14/05/2021,344.4160273,price_soja
17/05/2021,347.0669648,price_soja
18/05/2021,346.4240102,price_soja
19/05/2021,344.6808511,price_soja
20/05/2021,344.0025521,price_soja
21/05/2021,350.0053152,price_soja
26/05/2021,339.9978787,price_soja
27/05/2021,344.9909891,price_soja
28/05/2021,339.0207715,price_soja
31/05/2021,339.0458056,price_soja
1/06/2021,342.2194012,price_soja
2/06/2021,339.9598181,price_soja
3/06/2021,335.7995984,price_soja
4/06/2021,334.9883795,price_soja
7/06/2021,333.6146866,price_soja
8/06/2021,334.036494,price_soja
9/06/2021,332.103321,price_soja
10/06/2021,327.6788537,price_soja
11/06/2021,320.2359633,price_soja
14/06/2021,315.3077328,price_soja
15/06/2021,315.2471083,price_soja
16/06/2021,315.2139628,price_soja
17/06/2021,300,price_soja
18/06/2021,309.9716297,price_soja
22/06/2021,310.0010494,price_soja
23/06/2021,309.9758733,price_soja
24/06/2021,305.9255375,price_soja
25/06/2021,305.0314465,price_soja
28/06/2021,309.9801026,price_soja
29/06/2021,307.8211706,price_soja
30/06/2021,317.9962312,price_soja
1/07/2021,321.0548347,price_soja
2/07/2021,324.9293859,price_soja
5/07/2021,325.5643813,price_soja
6/07/2021,313.4468708,price_soja
7/07/2021,318.5711301,price_soja
8/07/2021,320.2839545,price_soja
12/07/2021,325.5292523,price_soja
13/07/2021,329.9624687,price_soja
14/07/2021,331.3880784,price_soja
15/07/2021,332.3609085,price_soja
16/07/2021,338.4711518,price_soja
19/07/2021,330.8708771,price_soja
20/07/2021,335.9683794,price_soja
21/07/2021,336.0024958,price_soja
22/07/2021,331.0466687,price_soja
23/07/2021,331.0122636,price_soja
26/07/2021,330.0809633,price_soja
27/07/2021,332.2610771,price_soja
28/07/2021,332.4343948,price_soja
29/07/2021,335.9601825,price_soja
30/07/2021,331.0187584,price_soja
2/08/2021,333.3678435,price_soja
3/08/2021,329.9865438,price_soja
4/08/2021,330.9531201,price_soja
5/08/2021,334.9881063,price_soja
6/08/2021,335.0568769,price_soja
9/08/2021,330.0619835,price_soja
10/08/2021,335.1234122,price_soja
11/08/2021,336.637753,price_soja
12/08/2021,339.6304325,price_soja
13/08/2021,342.5859044,price_soja
17/08/2021,343.9464194,price_soja
18/08/2021,345.4920144,price_soja
19/08/2021,340.0288422,price_soja
20/08/2021,341.8803419,price_soja
23/08/2021,340.0205761,price_soja
24/08/2021,345.5012853,price_soja
25/08/2021,346.5254934,price_soja
26/08/2021,349.018802,price_soja
27/08/2021,343.26212,price_soja
30/08/2021,335.965542,price_soja
31/08/2021,335.7596883,price_soja
1/09/2021,333.5724534,price_soja
2/09/2021,336.986582,price_soja
3/09/2021,340.9789064,price_soja
6/09/2021,340.1534527,price_soja
7/09/2021,337.4578178,price_soja
8/09/2021,340.04703,price_soja
9/09/2021,340.0102197,price_soja
10/09/2021,340.1777505,price_soja
13/09/2021,342.9941831,price_soja
14/09/2021,346.3932252,price_soja
15/09/2021,349.9745028,price_soja
17/09/2021,350.0407498,price_soja
20/09/2021,343.985345,price_soja
21/09/2021,347.0031546,price_soja
22/09/2021,349.984739,price_soja
23/09/2021,350.0101688,price_soja
24/09/2021,350.0406669,price_soja
27/09/2021,350.0965153,price_soja
28/09/2021,345.0132033,price_soja
29/09/2021,345.6151035,price_soja
30/09/2021,344.0227319,price_soja
1/10/2021,343.0368192,price_soja
4/10/2021,342.9961484,price_soja
5/10/2021,345.9317053,price_soja
6/10/2021,345.9278768,price_soja
7/10/2021,348.8960907,price_soja
12/10/2021,340.2770755,price_soja
13/10/2021,344.015366,price_soja
14/10/2021,349.6362167,price_soja
15/10/2021,350.979996,price_soja
18/10/2021,351.9733522,price_soja
19/10/2021,355.0095853,price_soja
20/10/2021,360.0100857,price_soja
21/10/2021,353.9376828,price_soja
22/10/2021,351.8499849,price_soja
25/10/2021,352.9915391,price_soja
26/10/2021,352.2544283,price_soja
27/10/2021,351.4328808,price_soja
28/10/2021,350.9900493,price_soja
29/10/2021,350.1808682,price_soja
1/11/2021,351.872302,price_soja
2/11/2021,353.4015653,price_soja
3/11/2021,352.5223147,price_soja
4/11/2021,347.0328789,price_soja
5/11/2021,343.8941247,price_soja
8/11/2021,340.4084902,price_soja
9/11/2021,345.6110499,price_soja
10/11/2021,347.6738369,price_soja
11/11/2021,347.9043713,price_soja
12/11/2021,350.929814,price_soja
15/11/2021,358.7488758,price_soja
16/11/2021,357.6780897,price_soja
17/11/2021,361.2581128,price_soja
18/11/2021,358.2476799,price_soja
19/11/2021,358.0690205,price_soja
23/11/2021,357.4773339,price_soja
24/11/2021,355.8056164,price_soja
25/11/2021,355.991242,price_soja
26/11/2021,348.4095427,price_soja
29/11/2021,347.9253524,price_soja
30/11/2021,340.0158793,price_soja
1/12/2021,346.2301587,price_soja
2/12/2021,350,price_soja
3/12/2021,357.0721078,price_soja
6/12/2021,352.9877325,price_soja
7/12/2021,353.6850425,price_soja
9/12/2021,354.0556542,price_soja
10/12/2021,356.6847558,price_soja
13/12/2021,354.9753695,price_soja
14/12/2021,360.0118133,price_soja
15/12/2021,358.9844519,price_soja
16/12/2021,362.3402163,price_soja
17/12/2021,364.0204362,price_soja
20/12/2021,362.503679,price_soja
21/12/2021,366.0329283,price_soja
22/12/2021,368.4107388,price_soja
23/12/2021,370.029383,price_soja
27/12/2021,376.1969904,price_soja
28/12/2021,379.0275337,price_soja
29/12/2021,376.6588603,price_soja
30/12/2021,368.7085447,price_soja
3/01/2022,372.5680934,price_soja
4/01/2022,377.9764797,price_soja
5/01/2022,380.3186322,price_soja
6/01/2022,381.4052795,price_soja
7/01/2022,388.048118,price_soja
10/01/2022,383.0219727,price_soja
11/01/2022,385.5456656,price_soja
12/01/2022,388.964051,price_soja
13/01/2022,383.9915033,price_soja
14/01/2022,387.9583173,price_soja
17/01/2022,384.985563,price_soja
18/01/2022,387.1309031,price_soja
19/01/2022,394.5597847,price_soja
20/01/2022,397.9925079,price_soja
21/01/2022,390.8200499,price_soja
24/01/2022,383.3988306,price_soja
25/01/2022,384.0260486,price_soja
26/01/2022,390,price_soja
27/01/2022,391.1255618,price_soja
28/01/2022,397.5535168,price_soja
31/01/2022,398.778859,price_soja
1/02/2022,405.0038124,price_soja
2/02/2022,405,price_soja
3/02/2022,405.0042812,price_soja
4/02/2022,409.9420207,price_soja
7/02/2022,415.0549867,price_soja
8/02/2022,413.2740011,price_soja
9/02/2022,418.0149494,price_soja
10/02/2022,423.9674889,price_soja
11/02/2022,424.2567249,price_soja
14/02/2022,421.0625471,price_soja
15/02/2022,421.0031053,price_soja
16/02/2022,427.9939838,price_soja
17/02/2022,429.2288908,price_soja
18/02/2022,430.0056296,price_soja
21/02/2022,428.9591913,price_soja
22/02/2022,435.0873913,price_soja
23/02/2022,443.9671274,price_soja
24/02/2022,449.05766,price_soja
25/02/2022,437.2960373,price_soja
2/03/2022,457.996844,price_soja
3/03/2022,468.3297784,price_soja
4/03/2022,469.0076902,price_soja
7/03/2022,473.9929786,price_soja
8/03/2022,489.0180879,price_soja
9/03/2022,497.7876106,price_soja
10/03/2022,499.6776273,price_soja
11/03/2022,495.0312845,price_soja
14/03/2022,466.0550459,price_soja
15/03/2022,467.3753666,price_soja
16/03/2022,457.8335317,price_soja
17/03/2022,455.5850334,price_soja
18/03/2022,440,price_soja
21/03/2022,444.9303088,price_soja
22/03/2022,447.4378811,price_soja
23/03/2022,451.9003455,price_soja
25/03/2022,456.9794881,price_soja
28/03/2022,436.2780594,price_soja
29/03/2022,423.9739649,price_soja
30/03/2022,430.029813,price_soja
31/03/2022,425.0518906,price_soja
1/04/2022,414.9837721,price_soja
4/04/2022,419.9964084,price_soja
5/04/2022,426.9058296,price_soja
6/04/2022,422.1087521,price_soja
7/04/2022,429.9901584,price_soja
8/04/2022,435.066095,price_soja
11/04/2022,429.9697455,price_soja
12/04/2022,435.0568586,price_soja
13/04/2022,440.0106411,price_soja
18/04/2022,444.9880984,price_soja
19/04/2022,445.0607501,price_soja
20/04/2022,448.004571,price_soja
21/04/2022,449.1175696,price_soja
22/04/2022,445.058318,price_soja
25/04/2022,438.5045423,price_soja
26/04/2022,440.9943306,price_soja
27/04/2022,445.0104493,price_soja
28/04/2022,440.076535,price_soja
29/04/2022,436.7561463,price_soja
2/05/2022,423.0070112,price_soja
3/05/2022,421.0253307,price_soja
4/05/2022,420.2210326,price_soja
5/05/2022,425.1466023,price_soja
6/05/2022,420.7579673,price_soja
9/05/2022,416.044616,price_soja
10/05/2022,420.6288015,price_soja
11/05/2022,423.0835044,price_soja
12/05/2022,421.0166595,price_soja
13/05/2022,426.938497,price_soja
16/05/2022,427.0780214,price_soja
17/05/2022,427.1655213,price_soja
19/05/2022,427.966819,price_soja
20/05/2022,426.0229963,price_soja
23/05/2022,422.0144854,price_soja
24/05/2022,425.0273316,price_soja
26/05/2022,429.9974834,price_soja
27/05/2022,430.6661081,price_soja
30/05/2022,430.0141891,price_soja
31/05/2022,420.8333333,price_soja
1/06/2022,415.9174159,price_soja
2/06/2022,420.0066523,price_soja
3/06/2022,416.002656,price_soja
6/06/2022,415.0194359,price_soja
7/06/2022,415.6412586,price_soja
8/06/2022,418.9690722,price_soja
9/06/2022,420.0296492,price_soja
10/06/2022,415.0012337,price_soja
13/06/2022,404.995905,price_soja
14/06/2022,401.4717907,price_soja
15/06/2022,403.0204082,price_soja
16/06/2022,402.9986962,price_soja
21/06/2022,392.8079695,price_soja
22/06/2022,385.7662758,price_soja
23/06/2022,379.9838579,price_soja
24/06/2022,385.3595614,price_soja
27/06/2022,385.0293149,price_soja
28/06/2022,387.4227962,price_soja
29/06/2022,391.3008651,price_soja
30/06/2022,391.1061345,price_soja
1/07/2022,381.237525,price_soja
4/07/2022,NA,price_soja
5/07/2022,369.8412698,price_soja
6/07/2022,370.869324,price_soja
7/07/2022,377.4928775,price_soja
8/07/2022,387.9936809,price_soja
11/07/2022,395.2025167,price_soja
12/07/2022,381.9766073,price_soja
13/07/2022,NA,price_soja
14/07/2022,380.9859155,price_soja
15/07/2022,381.8820773,price_soja
18/07/2022,385.983995,price_soja
19/07/2022,381.9606018,price_soja
20/07/2022,379.3156835,price_soja
21/07/2022,372.9324471,price_soja
22/07/2022,374.015748,price_soja
25/07/2022,375,price_soja
26/07/2022,380.5180871,price_soja
27/07/2022,386.0454441,price_soja
28/07/2022,391.0021387,price_soja
29/07/2022,395.2086671,price_soja
1/08/2022,NA,price_soja
2/08/2022,375.7575758,price_soja
3/08/2022,372.1070942,price_soja
4/08/2022,383.9474479,price_soja
5/08/2022,380.586329,price_soja
8/08/2022,385.0191197,price_soja
9/08/2022,390.5723906,price_soja
10/08/2022,393.1639895,price_soja
11/08/2022,396.5092862,price_soja
12/08/2022,395.8627874,price_soja
16/08/2022,378.0063642,price_soja
17/08/2022,380.9946058,price_soja
18/08/2022,380.899705,price_soja
19/08/2022,380.9663896,price_soja
22/08/2022,383.9783055,price_soja
23/08/2022,388.5191956,price_soja
24/08/2022,386.4914202,price_soja
25/08/2022,376.8221574,price_soja
26/08/2022,386,price_soja
29/08/2022,380.9730669,price_soja
30/08/2022,380.0578035,price_soja
