POSICION;FECHA;ANTERIOR;PRIMERO;MINIMO;MAXIMO;ULTIMO;VOLUMEN;AJUSTE;VAR %;IA;VAR. IA;TRADES,,,,,,,,,
SOJ.ROS/NOV22;26-10-2021;332,500000;0,000000;0,000000;0,000000;0,000000;0;330,500000;-0,601504;8,000000;0,000000;0
SOJ.ROS/NOV22;27-10-2021;330,500000;0,000000;0,000000;0,000000;0,000000;0;331,500000;0,302572;8,000000;0,000000;0
SOJ.ROS/NOV22;22-10-2021;331,000000;0,000000;0,000000;0,000000;0,000000;0;330,000000;-0,302115;8,000000;0,000000;0
SOJ.ROS/NOV22;25-10-2021;330,000000;0,000000;0,000000;0,000000;0,000000;0;332,500000;0,757576;8,000000;0,000000;0
SOJ.ROS/NOV22;21-10-2021;332,000000;0,000000;0,000000;0,000000;0,000000;0;331,000000;-0,301205;8,000000;0,000000;0
SOJ.ROS/NOV22;19-10-2021;330,000000;0,000000;0,000000;0,000000;0,000000;0;331,000000;0,303030;8,000000;0,000000;0
SOJ.ROS/NOV22;20-10-2021;331,000000;0,000000;0,000000;0,000000;0,000000;0;332,000000;0,302115;8,000000;0,000000;0
SOJ.ROS/NOV22;18-10-2021;328,500000;0,000000;0,000000;0,000000;0,000000;0;330,000000;0,456621;8,000000;0,000000;0
SOJ.ROS/NOV22;15-10-2021;328,000000;0,000000;0,000000;0,000000;0,000000;0;328,500000;0,152439;8,000000;0,000000;0
SOJ.ROS/NOV22;14-10-2021;327,000000;0,000000;0,000000;0,000000;0,000000;0;328,000000;0,305810;8,000000;0,000000;0
SOJ.ROS/NOV22;13-10-2021;326,000000;0,000000;0,000000;0,000000;0,000000;0;327,000000;0,306748;8,000000;0,000000;0
SOJ.ROS/NOV22;12-10-2021;331,500000;0,000000;0,000000;0,000000;0,000000;0;326,000000;-1,659125;8,000000;0,000000;0
SOJ.ROS/NOV22;07-10-2021;330,000000;0,000000;0,000000;0,000000;0,000000;0;331,500000;0,454545;8,000000;0,000000;0
SOJ.ROS/NOV22;06-10-2021;330,500000;0,000000;0,000000;0,000000;0,000000;0;330,000000;-0,151286;8,000000;0,000000;0
SOJ.ROS/NOV22;30-09-2021;328,500000;0,000000;0,000000;0,000000;0,000000;0;327,000000;-0,456621;5,000000;0,000000;0
SOJ.ROS/NOV22;29-09-2021;0,000000;328,500000;328,500000;328,500000;328,500000;5;328,500000;0,000000;5,000000;5,000000;1
SOJ.ROS/NOV22;01-10-2021;327,000000;328,000000;328,000000;328,500000;328,500000;3;328,500000;0,458716;8,000000;3,000000;2
SOJ.ROS/NOV22;05-10-2021;328,500000;0,000000;0,000000;0,000000;0,000000;0;330,500000;0,608828;8,000000;0,000000;0
SOJ.ROS/NOV22;04-10-2021;328,500000;0,000000;0,000000;0,000000;0,000000;0;328,500000;0,000000;8,000000;0,000000;0
SOJ.ROS/NOV22;21-12-2021;336,700000;340,500000;338,600000;340,500000;338,600000;7;338,600000;0,564301;278,000000;1,000000;4
SOJ.ROS/NOV22;20-12-2021;335,900000;336,400000;336,400000;337,900000;337,000000;25;336,700000;0,238166;277,000000;22,000000;13
SOJ.ROS/NOV22;17-12-2021;336,000000;336,500000;336,500000;336,500000;336,500000;2;335,900000;-0,029762;255,000000;2,000000;2
SOJ.ROS/NOV22;16-12-2021;333,700000;335,000000;335,000000;336,600000;336,000000;18;336,000000;0,689242;253,000000;14,000000;13
SOJ.ROS/NOV22;15-12-2021;334,200000;334,000000;333,700000;334,000000;333,700000;6;333,700000;-0,149611;239,000000;6,000000;3
SOJ.ROS/NOV22;14-12-2021;332,500000;334,900000;333,300000;334,900000;333,300000;38;334,200000;0,511278;233,000000;27,000000;11
SOJ.ROS/NOV22;13-12-2021;335,000000;332,500000;332,500000;332,500000;332,500000;3;332,500000;-0,746269;206,000000;1,000000;3
SOJ.ROS/NOV22;10-12-2021;334,200000;334,600000;334,500000;335,000000;335,000000;12;335,000000;0,239378;205,000000;7,000000;8
SOJ.ROS/NOV22;09-12-2021;331,500000;334,500000;334,200000;334,500000;334,200000;9;334,200000;0,814480;198,000000;9,000000;4
SOJ.ROS/NOV22;07-12-2021;332,000000;0,000000;0,000000;0,000000;0,000000;0;331,500000;-0,150602;189,000000;0,000000;0
SOJ.ROS/NOV22;06-12-2021;333,300000;332,000000;332,000000;332,000000;332,000000;5;332,000000;-0,390039;189,000000;0,000000;3
SOJ.ROS/NOV22;01-12-2021;327,700000;330,100000;329,700000;330,100000;330,100000;5;331,000000;1,007019;178,000000;4,000000;5
SOJ.ROS/NOV22;03-12-2021;333,000000;335,100000;334,000000;335,100000;334,400000;23;333,300000;0,090090;189,000000;2,000000;16
SOJ.ROS/NOV22;02-12-2021;331,000000;332,000000;332,000000;333,000000;333,000000;10;333,000000;0,604230;187,000000;9,000000;3
SOJ.ROS/NOV22;26-11-2021;335,000000;0,000000;0,000000;0,000000;0,000000;0;333,000000;-0,597015;164,000000;0,000000;0
SOJ.ROS/NOV22;25-11-2021;336,000000;335,000000;335,000000;335,000000;335,000000;23;335,000000;-0,297619;164,000000;23,000000;2
SOJ.ROS/NOV22;29-11-2021;333,000000;332,700000;332,500000;333,000000;332,500000;13;331,900000;-0,330330;164,000000;0,000000;10
SOJ.ROS/NOV22;30-11-2021;331,900000;329,500000;327,000000;329,500000;327,700000;13;327,700000;-1,265441;174,000000;10,000000;7
SOJ.ROS/NOV22;29-10-2021;331,000000;331,000000;331,000000;331,000000;331,000000;3;331,000000;0,000000;11,000000;0,000000;1
SOJ.ROS/NOV22;01-11-2021;331,000000;332,000000;332,000000;333,000000;333,000000;6;333,000000;0,604230;15,000000;4,000000;6
SOJ.ROS/NOV22;28-10-2021;331,500000;332,000000;331,000000;332,000000;331,000000;5;331,000000;-0,150830;11,000000;3,000000;3
SOJ.ROS/NOV22;02-11-2021;333,000000;333,000000;333,000000;333,000000;333,000000;3;333,000000;0,000000;18,000000;3,000000;3
SOJ.ROS/NOV22;04-11-2021;332,000000;330,000000;330,000000;330,000000;330,000000;6;330,000000;-0,602410;28,000000;5,000000;2
SOJ.ROS/NOV22;03-11-2021;333,000000;332,000000;332,000000;332,000000;332,000000;5;332,000000;-0,300300;23,000000;5,000000;2
SOJ.ROS/NOV22;05-11-2021;330,000000;328,000000;328,000000;328,500000;328,000000;20;328,000000;-0,606061;48,000000;20,000000;14
SOJ.ROS/NOV22;08-11-2021;328,000000;325,000000;325,000000;325,500000;325,000000;47;325,000000;-0,914634;83,000000;35,000000;11
SOJ.ROS/NOV22;10-11-2021;329,000000;329,000000;329,000000;330,000000;330,000000;20;330,000000;0,303951;106,000000;13,000000;13
SOJ.ROS/NOV22;09-11-2021;325,000000;325,000000;325,000000;328,500000;328,500000;12;329,000000;1,230769;93,000000;10,000000;6
SOJ.ROS/NOV22;24-11-2021;334,700000;0,000000;0,000000;0,000000;0,000000;0;336,000000;0,388408;141,000000;0,000000;0
SOJ.ROS/NOV22;23-11-2021;334,500000;334,500000;334,500000;334,500000;334,500000;3;334,700000;0,059791;141,000000;3,000000;1
SOJ.ROS/NOV22;19-11-2021;332,600000;333,000000;333,000000;333,000000;333,000000;2;334,500000;0,571257;138,000000;2,000000;2
SOJ.ROS/NOV22;17-11-2021;332,900000;336,000000;334,500000;336,000000;335,000000;16;335,000000;0,630820;136,000000;14,000000;12
SOJ.ROS/NOV22;18-11-2021;335,000000;334,500000;332,600000;334,500000;332,600000;2;332,600000;-0,716418;136,000000;0,000000;2
SOJ.ROS/NOV22;16-11-2021;334,100000;332,900000;332,900000;332,900000;332,900000;1;332,900000;-0,359174;122,000000;-1,000000;1
SOJ.ROS/NOV22;15-11-2021;332,500000;333,000000;333,000000;333,800000;333,700000;11;334,100000;0,481203;123,000000;7,000000;9
SOJ.ROS/NOV22;11-11-2021;330,000000;330,600000;329,600000;330,600000;329,600000;10;329,600000;-0,121212;116,000000;10,000000;4
SOJ.ROS/NOV22;12-11-2021;329,600000;0,000000;0,000000;0,000000;0,000000;0;332,500000;0,879854;116,000000;0,000000;0
SOJ.ROS/NOV22;13-01-2022;373,900000;370,300000;369,900000;370,300000;369,900000;8;368,500000;-1,444236;570,000000;2,000000;2
SOJ.ROS/NOV22;12-01-2022;370,700000;366,800000;366,800000;373,900000;373,900000;43;373,900000;0,863232;568,000000;4,000000;26
SOJ.ROS/NOV22;14-01-2022;368,500000;368,900000;367,600000;368,900000;368,500000;62;368,500000;0,000000;563,000000;-7,000000;34
SOJ.ROS/NOV22;11-01-2022;372,700000;370,800000;368,800000;373,000000;370,700000;27;370,700000;-0,536625;564,000000;20,000000;15
SOJ.ROS/NOV22;10-01-2022;375,500000;374,800000;372,100000;374,800000;372,700000;33;372,700000;-0,745672;544,000000;19,000000;12
SOJ.ROS/NOV22;07-01-2022;364,500000;366,500000;366,500000;377,100000;375,500000;104;375,500000;3,017833;525,000000;17,000000;51
SOJ.ROS/NOV22;06-01-2022;361,500000;360,000000;359,600000;364,500000;361,000000;100;364,500000;0,829876;508,000000;41,000000;47
SOJ.ROS/NOV22;05-01-2022;360,000000;360,500000;360,000000;362,200000;361,500000;88;361,500000;0,416667;467,000000;61,000000;51
SOJ.ROS/NOV22;04-01-2022;357,000000;359,000000;359,000000;361,500000;360,000000;52;360,000000;0,840336;406,000000;48,000000;26
SOJ.ROS/NOV22;03-01-2022;353,400000;358,000000;357,000000;358,000000;357,000000;10;357,000000;1,018676;358,000000;6,000000;6
SOJ.ROS/NOV22;29-12-2021;353,100000;354,000000;354,000000;354,000000;354,000000;14;354,600000;0,424809;355,000000;14,000000;4
SOJ.ROS/NOV22;30-12-2021;354,600000;353,000000;351,900000;353,000000;351,900000;5;353,400000;-0,338409;352,000000;-3,000000;5
SOJ.ROS/NOV22;23-12-2021;342,000000;343,100000;343,100000;345,500000;344,900000;10;344,700000;0,789474;300,000000;2,000000;10
SOJ.ROS/NOV22;22-12-2021;338,600000;342,200000;342,000000;342,500000;342,000000;29;342,000000;1,004135;298,000000;20,000000;17
SOJ.ROS/NOV22;27-12-2021;344,700000;350,000000;350,000000;351,500000;350,000000;44;352,500000;2,262837;329,000000;29,000000;20
SOJ.ROS/NOV22;28-12-2021;352,500000;352,100000;352,100000;354,100000;353,100000;19;353,100000;0,170213;341,000000;12,000000;15
SOJ.ROS/NOV22;15-09-2022;390,500000;393,000000;390,000000;393,000000;391,500000;648;391,500000;0,256082;6869,000000;-250,000000;264
SOJ.ROS/NOV22;14-09-2022;387,000000;386,500000;384,500000;390,500000;390,500000;773;390,500000;0,904393;7119,000000;-139,000000;353
SOJ.ROS/NOV22;09-09-2022;384,600000;386,000000;383,000000;388,000000;383,000000;724;383,000000;-0,416017;8184,000000;-132,000000;286
SOJ.ROS/NOV22;12-09-2022;383,000000;383,000000;371,000000;386,000000;384,000000;1313;384,000000;0,261097;7750,000000;-434,000000;520
SOJ.ROS/NOV22;13-09-2022;384,000000;385,000000;383,900000;391,000000;387,000000;1082;387,000000;0,781250;7258,000000;-492,000000;443
SOJ.ROS/NOV22;07-09-2022;385,300000;388,000000;383,100000;390,800000;386,500000;396;386,500000;0,311446;8317,000000;-5,000000;170
SOJ.ROS/NOV22;08-09-2022;386,500000;386,000000;384,500000;387,900000;384,600000;651;384,600000;-0,491591;8316,000000;-1,000000;260
SOJ.ROS/NOV22;06-09-2022;385,900000;381,000000;380,500000;387,300000;385,300000;498;385,300000;-0,155481;8322,000000;-50,000000;261
SOJ.ROS/NOV22;05-09-2022;379,500000;384,000000;383,000000;397,500000;384,900000;1229;385,900000;1,686430;8372,000000;345,000000;490
SOJ.ROS/NOV22;23-08-2022;385,500000;390,000000;390,000000;393,500000;391,500000;802;391,500000;1,556420;7731,000000;-17,000000;363
SOJ.ROS/NOV22;09-03-2022;470,000000;473,000000;470,000000;477,000000;470,000000;365;470,000000;0,000000;3265,000000;113,000000;125
SOJ.ROS/NOV22;25-08-2022;390,900000;390,500000;384,000000;391,000000;385,000000;515;385,000000;-1,509337;7831,000000;14,000000;232
SOJ.ROS/NOV22;24-08-2022;391,500000;392,000000;390,000000;394,600000;390,900000;739;390,900000;-0,153257;7817,000000;86,000000;345
SOJ.ROS/NOV22;01-09-2022;383,500000;381,500000;379,000000;382,500000;379,500000;333;379,500000;-1,043025;8027,000000;14,000000;171
SOJ.ROS/NOV22;31-08-2022;386,000000;386,000000;382,000000;386,000000;384,000000;511;383,500000;-0,647668;8013,000000;-1,000000;278
SOJ.ROS/NOV22;30-08-2022;386,000000;387,000000;380,500000;387,000000;386,000000;219;386,000000;0,000000;8014,000000;0,000000;117
SOJ.ROS/NOV22;29-08-2022;392,500000;390,000000;386,000000;391,500000;386,000000;558;386,000000;-1,656051;8014,000000;59,000000;208
SOJ.ROS/NOV22;26-08-2022;385,000000;390,500000;388,500000;392,500000;392,500000;542;392,500000;1,948052;7955,000000;124,000000;229
SOJ.ROS/NOV22;26-07-2022;377,000000;382,000000;380,000000;384,000000;382,600000;569;382,500000;1,458886;8342,000000;-208,000000;272
SOJ.ROS/NOV22;25-07-2022;373,500000;375,000000;375,000000;379,000000;377,000000;347;377,000000;0,937082;8550,000000;69,000000;152
SOJ.ROS/NOV22;22-07-2022;372,500000;376,000000;372,500000;379,000000;373,500000;285;373,500000;0,268456;8481,000000;74,000000;165
SOJ.ROS/NOV22;21-07-2022;377,500000;372,000000;371,600000;376,000000;372,500000;326;372,500000;-1,324503;8407,000000;71,000000;152
SOJ.ROS/NOV22;27-07-2022;382,500000;386,000000;384,500000;389,500000;388,300000;485;388,300000;1,516340;8382,000000;40,000000;240
SOJ.ROS/NOV22;28-07-2022;388,300000;390,000000;390,000000;394,000000;392,300000;494;392,300000;1,030131;8374,000000;-8,000000;245
SOJ.ROS/NOV22;01-08-2022;394,000000;385,000000;383,500000;385,000000;384,500000;299;384,500000;-2,411168;8377,000000;89,000000;157
SOJ.ROS/NOV22;29-07-2022;392,300000;399,500000;392,500000;399,500000;394,000000;684;394,000000;0,433342;8288,000000;-86,000000;358
SOJ.ROS/NOV22;02-08-2022;384,500000;381,500000;379,500000;382,500000;382,500000;310;382,500000;-0,520156;8381,000000;4,000000;156
SOJ.ROS/NOV22;03-08-2022;382,500000;382,000000;379,000000;383,000000;380,000000;207;380,000000;-0,653595;8360,000000;-21,000000;111
SOJ.ROS/NOV22;04-08-2022;380,000000;385,000000;385,000000;387,000000;386,500000;277;386,500000;1,710526;8288,000000;-72,000000;146
SOJ.ROS/NOV22;05-08-2022;386,500000;385,500000;383,500000;386,000000;384,000000;406;384,000000;-0,646831;8316,000000;28,000000;230
SOJ.ROS/NOV22;08-08-2022;384,000000;385,000000;382,400000;386,000000;385,500000;459;385,500000;0,390625;8297,000000;-19,000000;247
SOJ.ROS/NOV22;12-08-2022;397,500000;398,000000;393,000000;399,500000;396,000000;568;396,200000;-0,327044;7767,000000;-95,000000;260
SOJ.ROS/NOV22;11-08-2022;392,400000;395,000000;395,000000;398,000000;397,500000;989;397,500000;1,299694;7862,000000;-194,000000;410
SOJ.ROS/NOV22;09-08-2022;385,500000;391,000000;390,900000;393,500000;392,500000;596;392,500000;1,815824;8217,000000;-80,000000;271
SOJ.ROS/NOV22;10-08-2022;392,500000;392,500000;392,100000;398,000000;392,100000;848;392,400000;-0,025478;8056,000000;-161,000000;360
SOJ.ROS/NOV22;17-08-2022;381,700000;382,000000;381,400000;385,500000;383,500000;287;383,500000;0,471575;7812,000000;37,000000;161
SOJ.ROS/NOV22;16-08-2022;396,200000;384,000000;380,500000;384,000000;381,700000;194;381,700000;-3,659768;7775,000000;8,000000;125
SOJ.ROS/NOV22;18-08-2022;383,500000;383,400000;383,400000;387,300000;383,500000;181;384,000000;0,130378;7799,000000;-13,000000;122
SOJ.ROS/NOV22;19-08-2022;384,000000;382,000000;382,000000;385,000000;384,500000;177;384,500000;0,130208;7781,000000;-18,000000;95
SOJ.ROS/NOV22;22-08-2022;384,500000;384,500000;384,500000;389,000000;385,500000;584;385,500000;0,260078;7748,000000;-33,000000;244
SOJ.ROS/NOV22;08-07-2022;382,800000;385,000000;385,000000;393,000000;392,500000;612;392,500000;2,533960;8294,000000;-75,000000;308
SOJ.ROS/NOV22;11-07-2022;392,500000;395,000000;393,000000;397,500000;393,000000;545;393,000000;0,127389;8386,000000;92,000000;298
SOJ.ROS/NOV22;12-07-2022;393,000000;387,500000;381,500000;387,900000;381,500000;311;381,500000;-2,926209;8436,000000;50,000000;161
SOJ.ROS/NOV22;14-07-2022;383,100000;381,000000;379,500000;384,000000;383,000000;461;383,000000;-0,026103;8453,000000;44,000000;227
SOJ.ROS/NOV22;13-07-2022;381,500000;382,000000;382,000000;385,500000;382,900000;199;383,100000;0,419397;8409,000000;-27,000000;120
SOJ.ROS/NOV22;15-07-2022;383,000000;382,500000;380,500000;383,000000;381,500000;357;381,500000;-0,391645;8404,000000;-49,000000;163
SOJ.ROS/NOV22;18-07-2022;381,500000;390,000000;385,000000;390,000000;385,500000;411;385,500000;1,048493;8434,000000;30,000000;195
SOJ.ROS/NOV22;20-07-2022;382,000000;383,000000;377,000000;383,000000;377,500000;371;377,500000;-1,178010;8336,000000;3,000000;171
SOJ.ROS/NOV22;19-07-2022;385,500000;380,000000;379,500000;382,500000;382,000000;397;382,000000;-0,907912;8333,000000;-101,000000;171
SOJ.ROS/NOV22;04-07-2022;386,500000;386,000000;381,200000;386,000000;382,500000;128;382,500000;-1,034929;8591,000000;65,000000;77
SOJ.ROS/NOV22;06-07-2022;375,000000;375,000000;373,000000;377,000000;374,000000;361;374,400000;-0,160000;8446,000000;-38,000000;224
SOJ.ROS/NOV22;07-07-2022;374,400000;383,000000;380,000000;383,000000;383,000000;434;382,800000;2,243590;8369,000000;-77,000000;236
SOJ.ROS/NOV22;05-07-2022;382,500000;371,500000;366,900000;375,000000;374,500000;535;375,000000;-1,960784;8484,000000;-107,000000;297
SOJ.ROS/NOV22;01-07-2022;395,000000;388,500000;384,500000;388,500000;386,000000;460;386,500000;-2,151899;8526,000000;207,000000;198
SOJ.ROS/NOV22;29-06-2022;397,500000;398,500000;396,700000;399,900000;396,700000;594;396,700000;-0,201258;8206,000000;233,000000;234
SOJ.ROS/NOV22;30-06-2022;396,700000;392,300000;391,900000;398,000000;395,000000;476;395,000000;-0,428535;8319,000000;113,000000;245
SOJ.ROS/NOV22;28-06-2022;393,100000;398,000000;396,800000;398,000000;397,500000;366;397,500000;1,119308;7973,000000;145,000000;173
SOJ.ROS/NOV22;27-06-2022;393,500000;392,700000;392,500000;395,300000;393,100000;473;393,100000;-0,101652;7828,000000;80,000000;170
SOJ.ROS/NOV22;22-06-2022;409,000000;406,000000;399,000000;406,000000;400,500000;565;400,500000;-2,078240;7453,000000;72,000000;288
SOJ.ROS/NOV22;24-06-2022;387,000000;387,000000;387,000000;395,000000;393,500000;524;393,500000;1,679587;7748,000000;107,000000;223
SOJ.ROS/NOV22;23-06-2022;400,500000;388,000000;385,500000;390,100000;387,500000;534;387,000000;-3,370787;7641,000000;188,000000;221
SOJ.ROS/NOV22;21-06-2022;416,000000;409,800000;407,500000;413,500000;409,000000;209;409,000000;-1,682692;7381,000000;58,000000;136
SOJ.ROS/NOV22;15-06-2022;409,000000;410,700000;409,000000;412,000000;411,500000;777;411,500000;0,611247;7227,000000;-55,000000;271
SOJ.ROS/NOV22;16-06-2022;411,500000;413,000000;412,000000;416,000000;416,000000;530;416,000000;1,093560;7323,000000;96,000000;234
SOJ.ROS/NOV22;14-06-2022;416,000000;418,500000;408,000000;418,500000;409,000000;767;409,000000;-1,682692;7282,000000;285,000000;218
SOJ.ROS/NOV22;13-06-2022;422,500000;418,000000;415,500000;418,000000;416,000000;359;416,000000;-1,538462;6997,000000;53,000000;169
SOJ.ROS/NOV22;10-06-2022;428,000000;426,000000;422,000000;426,000000;422,500000;193;422,500000;-1,285047;6944,000000;97,000000;88
SOJ.ROS/NOV22;09-06-2022;426,000000;425,700000;425,700000;429,300000;428,000000;835;428,000000;0,469484;6847,000000;216,000000;282
SOJ.ROS/NOV22;06-06-2022;426,000000;425,000000;424,400000;426,500000;426,500000;498;426,500000;0,117371;6176,000000;149,000000;226
SOJ.ROS/NOV22;07-06-2022;426,500000;426,000000;425,700000;429,500000;427,000000;720;427,000000;0,117233;6446,000000;270,000000;326
SOJ.ROS/NOV22;08-06-2022;427,000000;427,500000;426,000000;430,000000;426,000000;640;426,000000;-0,234192;6631,000000;185,000000;243
SOJ.ROS/NOV22;23-05-2022;430,500000;427,500000;426,000000;429,500000;427,000000;374;427,000000;-0,813008;5513,000000;-26,000000;169
SOJ.ROS/NOV22;26-05-2022;429,000000;432,000000;431,000000;435,500000;433,500000;407;433,500000;1,048951;5473,000000;40,000000;161
SOJ.ROS/NOV22;24-05-2022;427,000000;426,000000;425,000000;430,000000;429,000000;386;429,000000;0,468384;5433,000000;-80,000000;151
SOJ.ROS/NOV22;19-05-2022;431,000000;433,000000;425,500000;433,700000;428,500000;231;425,500000;-1,276102;5435,000000;11,000000;110
SOJ.ROS/NOV22;20-05-2022;425,500000;427,000000;427,000000;431,000000;430,500000;282;430,500000;1,175088;5539,000000;104,000000;151
SOJ.ROS/NOV22;17-05-2022;429,000000;432,000000;430,200000;432,500000;431,000000;275;431,000000;0,466200;5424,000000;7,000000;131
SOJ.ROS/NOV22;27-05-2022;433,500000;434,000000;433,000000;436,800000;433,500000;559;433,500000;0,000000;5590,000000;117,000000;253
SOJ.ROS/NOV22;30-05-2022;433,500000;432,900000;432,000000;433,500000;433,500000;108;433,500000;0,000000;5630,000000;40,000000;49
SOJ.ROS/NOV22;31-05-2022;433,500000;432,500000;425,000000;432,500000;425,000000;517;425,000000;-1,960784;5548,000000;-82,000000;276
SOJ.ROS/NOV22;03-06-2022;429,000000;427,000000;424,000000;427,000000;425,000000;525;426,000000;-0,699301;6027,000000;187,000000;233
SOJ.ROS/NOV22;01-06-2022;425,000000;426,800000;422,000000;426,800000;424,500000;643;425,000000;0,000000;5593,000000;45,000000;251
SOJ.ROS/NOV22;02-06-2022;425,000000;428,000000;427,000000;430,500000;429,000000;540;429,000000;0,941176;5840,000000;247,000000;225
SOJ.ROS/NOV22;28-03-2022;445,300000;439,900000;435,500000;439,900000;438,000000;266;438,000000;-1,639344;4078,000000;67,000000;64
SOJ.ROS/NOV22;25-03-2022;447,700000;442,800000;442,800000;447,500000;445,300000;234;445,300000;-0,536073;4011,000000;88,000000;78
SOJ.ROS/NOV22;23-03-2022;440,000000;446,500000;445,000000;447,700000;447,700000;186;447,700000;1,750000;3923,000000;42,000000;77
SOJ.ROS/NOV22;30-03-2022;429,600000;433,800000;433,000000;436,500000;434,500000;336;435,100000;1,280261;4136,000000;71,000000;127
SOJ.ROS/NOV22;29-03-2022;438,000000;430,100000;429,000000;431,000000;429,000000;200;429,600000;-1,917808;4065,000000;-13,000000;87
SOJ.ROS/NOV22;31-03-2022;435,100000;433,000000;422,600000;433,000000;423,500000;169;423,500000;-2,666054;4104,000000;-32,000000;94
SOJ.ROS/NOV22;01-04-2022;423,500000;420,200000;419,000000;421,000000;421,000000;143;421,000000;-0,590319;4133,000000;29,000000;71
SOJ.ROS/NOV22;04-04-2022;421,000000;424,000000;424,000000;429,000000;427,500000;120;428,100000;1,686461;4146,000000;13,000000;60
SOJ.ROS/NOV22;06-04-2022;431,000000;426,000000;426,000000;429,000000;428,500000;115;428,500000;-0,580046;4272,000000;51,000000;50
SOJ.ROS/NOV22;05-04-2022;428,100000;434,000000;431,000000;434,000000;431,000000;238;431,000000;0,677412;4221,000000;75,000000;101
SOJ.ROS/NOV22;07-04-2022;428,500000;431,100000;431,100000;436,700000;436,700000;189;436,700000;1,913652;4354,000000;82,000000;78
SOJ.ROS/NOV22;08-04-2022;436,700000;439,100000;439,100000;442,500000;440,000000;397;440,000000;0,755668;4489,000000;135,000000;119
SOJ.ROS/NOV22;11-04-2022;440,000000;435,300000;434,500000;437,500000;436,200000;127;436,200000;-0,863636;4488,000000;-1,000000;66
SOJ.ROS/NOV22;22-03-2022;439,500000;441,500000;440,000000;443,000000;440,000000;182;440,000000;0,113766;3881,000000;14,000000;75
SOJ.ROS/NOV22;21-03-2022;431,000000;437,800000;437,100000;439,000000;439,000000;67;439,500000;1,972158;3867,000000;3,000000;27
SOJ.ROS/NOV22;17-03-2022;441,500000;442,000000;436,000000;445,500000;442,000000;166;442,000000;0,113250;3823,000000;11,000000;77
SOJ.ROS/NOV22;18-03-2022;442,000000;435,000000;429,500000;439,000000;431,000000;112;431,000000;-2,488688;3864,000000;41,000000;63
SOJ.ROS/NOV22;16-03-2022;450,900000;450,100000;441,500000;450,100000;441,500000;331;441,500000;-2,084719;3812,000000;165,000000;140
SOJ.ROS/NOV22;14-03-2022;471,500000;459,500000;452,000000;459,500000;452,000000;77;452,000000;-4,135737;3497,000000;-7,000000;38
SOJ.ROS/NOV22;15-03-2022;452,000000;447,000000;446,000000;451,500000;451,400000;532;450,900000;-0,243363;3647,000000;150,000000;197
SOJ.ROS/NOV22;10-03-2022;470,000000;475,600000;475,500000;478,200000;476,000000;360;476,000000;1,276596;3401,000000;136,000000;132
SOJ.ROS/NOV22;11-03-2022;476,000000;471,500000;471,500000;474,500000;471,500000;291;471,500000;-0,945378;3504,000000;103,000000;115
SOJ.ROS/NOV22;16-05-2022;429,600000;432,000000;429,000000;433,000000;429,000000;319;429,000000;-0,139665;5417,000000;112,000000;135
SOJ.ROS/NOV22;13-05-2022;423,200000;426,000000;425,500000;430,000000;429,600000;213;429,600000;1,512287;5305,000000;-11,000000;109
SOJ.ROS/NOV22;12-05-2022;425,500000;423,500000;422,400000;425,600000;423,100000;199;423,200000;-0,540541;5316,000000;9,000000;92
SOJ.ROS/NOV22;10-05-2022;422,500000;423,000000;423,000000;425,500000;425,500000;133;425,500000;0,710059;5289,000000;24,000000;74
SOJ.ROS/NOV22;11-05-2022;425,500000;428,000000;425,500000;429,000000;425,500000;239;425,500000;0,000000;5307,000000;18,000000;118
SOJ.ROS/NOV22;09-05-2022;429,500000;425,000000;421,500000;425,000000;422,500000;167;422,500000;-1,629802;5265,000000;-15,000000;98
SOJ.ROS/NOV22;06-05-2022;432,000000;427,000000;426,000000;430,000000;429,500000;203;429,500000;-0,578704;5280,000000;-6,000000;93
SOJ.ROS/NOV22;05-05-2022;430,500000;434,000000;429,900000;434,000000;432,000000;170;432,000000;0,348432;5286,000000;-15,000000;80
SOJ.ROS/NOV22;04-05-2022;428,500000;427,000000;426,000000;431,000000;430,500000;372;430,500000;0,466744;5301,000000;51,000000;199
SOJ.ROS/NOV22;03-05-2022;432,600000;436,400000;428,000000;436,900000;428,500000;337;428,500000;-0,947758;5250,000000;-43,000000;131
SOJ.ROS/NOV22;02-05-2022;441,500000;437,300000;428,100000;437,300000;432,000000;372;432,600000;-2,015855;5293,000000;-26,000000;150
SOJ.ROS/NOV22;29-04-2022;447,000000;449,500000;441,500000;450,000000;441,500000;399;441,500000;-1,230425;5319,000000;92,000000;181
SOJ.ROS/NOV22;28-04-2022;449,500000;447,500000;447,000000;448,500000;447,000000;252;447,000000;-0,556174;5227,000000;37,000000;110
SOJ.ROS/NOV22;18-04-2022;441,700000;441,500000;441,500000;450,000000;449,000000;472;448,000000;1,426307;4812,000000;105,000000;179
SOJ.ROS/NOV22;13-04-2022;441,600000;438,800000;437,500000;444,200000;441,500000;343;441,700000;0,022645;4707,000000;82,000000;107
SOJ.ROS/NOV22;12-04-2022;436,200000;441,000000;439,700000;442,000000;441,000000;221;441,600000;1,237964;4625,000000;137,000000;101
SOJ.ROS/NOV22;19-04-2022;448,000000;446,700000;446,700000;450,000000;449,000000;277;449,000000;0,223214;4972,000000;160,000000;117
SOJ.ROS/NOV22;27-04-2022;447,000000;447,000000;446,500000;450,500000;449,500000;399;449,500000;0,559284;5190,000000;80,000000;169
SOJ.ROS/NOV22;26-04-2022;446,100000;447,000000;445,500000;447,500000;447,000000;170;447,000000;0,201748;5110,000000;-44,000000;80
SOJ.ROS/NOV22;25-04-2022;449,000000;445,000000;443,000000;446,500000;445,900000;163;446,100000;-0,645880;5154,000000;52,000000;92
SOJ.ROS/NOV22;21-04-2022;452,500000;450,000000;450,000000;453,500000;453,000000;159;453,000000;0,110497;5078,000000;0,000000;76
SOJ.ROS/NOV22;20-04-2022;449,000000;448,700000;448,700000;453,300000;452,500000;272;452,500000;0,779510;5078,000000;106,000000;121
SOJ.ROS/NOV22;22-04-2022;453,000000;450,500000;446,000000;450,500000;449,000000;109;449,000000;-0,883002;5102,000000;24,000000;66
SOJ.ROS/NOV22;26-01-2022;371,000000;372,000000;372,000000;376,300000;374,000000;118;374,000000;0,808625;705,000000;39,000000;61
SOJ.ROS/NOV22;27-01-2022;374,000000;373,500000;373,500000;379,500000;378,100000;310;378,100000;1,096257;845,000000;140,000000;105
SOJ.ROS/NOV22;01-02-2022;386,400000;391,000000;391,000000;396,300000;394,000000;120;394,000000;1,966874;1020,000000;47,000000;48
SOJ.ROS/NOV22;31-01-2022;383,400000;387,000000;384,000000;387,000000;386,500000;204;386,400000;0,782473;973,000000;86,000000;66
SOJ.ROS/NOV22;28-01-2022;378,100000;382,400000;381,300000;384,000000;384,000000;116;383,400000;1,401746;887,000000;42,000000;54
SOJ.ROS/NOV22;03-02-2022;394,500000;393,500000;393,500000;397,500000;396,600000;142;396,900000;0,608365;1105,000000;70,000000;69
SOJ.ROS/NOV22;02-02-2022;394,000000;397,000000;394,500000;398,000000;394,500000;105;394,500000;0,126904;1035,000000;15,000000;49
SOJ.ROS/NOV22;04-02-2022;396,900000;395,900000;395,000000;402,800000;402,500000;104;402,500000;1,410935;1153,000000;48,000000;68
SOJ.ROS/NOV22;07-02-2022;402,500000;409,600000;408,000000;410,500000;409,000000;191;408,200000;1,416149;1229,000000;76,000000;104
SOJ.ROS/NOV22;24-01-2022;374,000000;370,900000;368,900000;371,100000;370,000000;55;370,000000;-1,069519;635,000000;-4,000000;24
SOJ.ROS/NOV22;25-01-2022;370,000000;370,600000;370,300000;372,000000;371,000000;58;371,000000;0,270270;666,000000;31,000000;16
SOJ.ROS/NOV22;21-01-2022;375,700000;375,300000;374,000000;376,500000;374,000000;44;374,000000;-0,452489;639,000000;18,000000;9
SOJ.ROS/NOV22;20-01-2022;375,000000;375,500000;375,100000;381,000000;375,700000;204;375,700000;0,186667;621,000000;7,000000;85
SOJ.ROS/NOV22;19-01-2022;364,000000;369,000000;368,800000;373,500000;373,500000;89;375,000000;3,021978;614,000000;35,000000;37
SOJ.ROS/NOV22;18-01-2022;364,200000;364,200000;362,100000;364,500000;364,000000;61;364,000000;-0,054915;579,000000;17,000000;30
SOJ.ROS/NOV22;17-01-2022;368,500000;365,000000;364,200000;366,000000;364,200000;18;364,200000;-1,166893;562,000000;-1,000000;10
SOJ.ROS/NOV22;08-02-2022;408,200000;405,700000;405,000000;408,500000;408,500000;158;408,500000;0,073493;1277,000000;48,000000;73
SOJ.ROS/NOV22;10-02-2022;413,800000;421,000000;412,300000;424,000000;412,500000;169;413,000000;-0,193330;1433,000000;79,000000;74
SOJ.ROS/NOV22;09-02-2022;408,500000;410,500000;409,700000;414,000000;413,800000;197;413,800000;1,297430;1354,000000;77,000000;74
SOJ.ROS/NOV22;11-02-2022;413,000000;418,500000;415,600000;421,000000;420,000000;87;420,000000;1,694915;1473,000000;40,000000;43
SOJ.ROS/NOV22;14-02-2022;420,000000;415,100000;414,500000;419,200000;418,300000;69;418,300000;-0,404762;1506,000000;33,000000;37
SOJ.ROS/NOV22;15-02-2022;418,300000;415,000000;412,500000;415,600000;414,000000;131;414,000000;-1,027970;1534,000000;28,000000;57
SOJ.ROS/NOV22;16-02-2022;414,000000;418,600000;418,600000;420,500000;420,000000;98;420,000000;1,449275;1597,000000;63,000000;52
SOJ.ROS/NOV22;17-02-2022;420,000000;422,500000;419,500000;422,500000;420,000000;112;420,000000;0,000000;1655,000000;58,000000;52
SOJ.ROS/NOV22;18-02-2022;420,000000;422,000000;421,000000;422,000000;421,700000;79;421,700000;0,404762;1689,000000;34,000000;31
SOJ.ROS/NOV22;07-03-2022;457,500000;454,000000;454,000000;460,000000;460,000000;520;460,000000;0,546448;2901,000000;209,000000;140
SOJ.ROS/NOV22;08-03-2022;460,000000;462,000000;462,000000;471,000000;470,000000;427;470,000000;2,173913;3152,000000;251,000000;146
SOJ.ROS/NOV22;02-03-2022;426,000000;447,000000;443,000000;447,500000;446,000000;197;446,000000;4,694836;2343,000000;69,000000;77
SOJ.ROS/NOV22;03-03-2022;446,000000;446,500000;446,000000;458,800000;457,500000;307;458,000000;2,690583;2473,000000;130,000000;136
SOJ.ROS/NOV22;04-03-2022;458,000000;467,700000;453,800000;468,000000;457,500000;422;457,500000;-0,109170;2692,000000;219,000000;144
SOJ.ROS/NOV22;24-02-2022;437,200000;450,000000;436,000000;450,000000;439,000000;308;439,000000;0,411711;2117,000000;197,000000;109
SOJ.ROS/NOV22;23-02-2022;427,500000;430,000000;430,000000;437,200000;437,200000;164;437,200000;2,269006;1920,000000;64,000000;88
SOJ.ROS/NOV22;22-02-2022;421,000000;423,200000;423,200000;427,500000;427,500000;256;427,500000;1,543943;1856,000000;123,000000;92
SOJ.ROS/NOV22;25-02-2022;439,000000;433,000000;423,000000;433,000000;426,500000;341;426,000000;-2,961276;2274,000000;157,000000;122
SOJ.ROS/NOV22;21-02-2022;421,700000;421,000000;420,500000;422,000000;421,000000;111;421,000000;-0,165995;1733,000000;44,000000;48
SOJ.ROS/NOV22;16-09-2022;391,500000;389,000000;389,000000;394,500000;394,000000;554;394,000000;0,638570;6826,000000;-43,000000;225
